anchor,layer,run_kind,n_items,n_rows,attention_mass_question,attention_mass_options,attention_mass_question_options,attention_mass_wrapper_syntax,attention_mass_instruction,attention_entropy,content_vs_wrapper_focus_ratio
all_option_ends,0,clean_correct_wrapped,285,3420,0.12700320082636593,0.6740757187247313,0.8010789195510972,0.19892108090923558,0.0,2.6997159036453704,34645714455.65089
all_option_ends,0,corrupt_wrong_wrapped,285,3420,0.1226667037398626,0.6817739112730695,0.8044406150129321,0.1955593865608569,0.0,2.6921863716248184,33044198512.80443
all_option_ends,0,vanilla_same_item,285,3420,0.17950119138304238,0.655533128303409,0.8350343196864514,0.16496568242560242,0.0,2.632731910964899,28226077961.619114
all_option_ends,1,clean_correct_wrapped,285,3420,0.17486489517859755,0.5146192734886813,0.6894841686672789,0.3105158314474519,0.0,3.575479414414244,43.59101556825015
all_option_ends,1,corrupt_wrong_wrapped,285,3420,0.1811237235455348,0.5142403728624781,0.6953640964080129,0.3046359035129323,0.0,3.587011368651139,107.689277307879
all_option_ends,1,vanilla_same_item,285,3420,0.2373206012474094,0.4828154757957087,0.7201360770431181,0.27986392367006296,0.0,3.3931228230222623,58.04413470070391
all_option_ends,2,clean_correct_wrapped,285,3420,0.08680871602334014,0.33193053843804315,0.4187392544613833,0.5812607452509604,0.0,2.4632577977442778,2.019188153251251
all_option_ends,2,corrupt_wrong_wrapped,285,3420,0.08707593399801561,0.3324927406899201,0.4195686746879357,0.5804313258459922,0.0,2.474204115580484,2.341773723820253
all_option_ends,2,vanilla_same_item,285,3420,0.5455796020763125,0.3055084175616081,0.8510880196379207,0.14891197980820317,0.0,2.2584191390558295,25.64610248458347
all_option_ends,3,clean_correct_wrapped,285,3420,0.13028048223803348,0.28566512656956927,0.41594560880760273,0.5840543909548109,0.0,2.3745603603577754,2.241694363353238
all_option_ends,3,corrupt_wrong_wrapped,285,3420,0.12905938091858227,0.288323202249858,0.4173825831684403,0.5826174167221208,0.0,2.3976208769177134,9.639356930884151
all_option_ends,3,vanilla_same_item,285,3420,0.6309739957144211,0.24825457436119736,0.8792285700756185,0.12077142900453025,0.0,2.1367797286451213,96.9937983877035
all_option_ends,4,clean_correct_wrapped,285,3420,0.11314210282571101,0.22368525976526255,0.33682736259097357,0.6631726360035657,0.0,1.9693012864334367,2.523659298980158
all_option_ends,4,corrupt_wrong_wrapped,285,3420,0.11006754477589338,0.22508371860622478,0.33515126338211815,0.6648487372975899,0.0,1.9690039806351152,2.798019111955792
all_option_ends,4,vanilla_same_item,285,3420,0.6848247570731835,0.1902325844486321,0.8750573415218156,0.12494265899962163,0.0,1.7358840541859641,78.37623513340405
all_option_ends,5,clean_correct_wrapped,285,3420,0.12421811761743241,0.3166010631617058,0.44081918077913823,0.5591808187887963,0.0,2.2031695983301827,7.990551585558141
all_option_ends,5,corrupt_wrong_wrapped,285,3420,0.12210684491464055,0.3181057093492207,0.44021255426386124,0.5597874454056592,0.0,2.205000406695388,4.993007386505511
all_option_ends,5,vanilla_same_item,285,3420,0.6230530355485123,0.2966281566048395,0.9196811921533519,0.08031880793434794,0.0,2.0094286851977046,215.21006392434185
all_option_ends,6,clean_correct_wrapped,285,3420,0.08881131996931772,0.24952421986513534,0.3383355398344531,0.661664461765557,0.0,1.82893677187882,692.2718616441333
all_option_ends,6,corrupt_wrong_wrapped,285,3420,0.08789662704828699,0.250570055215288,0.338466682263575,0.6615333189752111,0.0,1.816770768010368,225.84696304819744
all_option_ends,6,vanilla_same_item,285,3420,0.6757915552956058,0.22614229171330041,0.9019338470089061,0.09806615258077124,0.0,1.6805460639951522,2026.394567100355
all_option_ends,7,clean_correct_wrapped,285,3420,0.1608053292061823,0.4302739203614336,0.5910792495676158,0.40892075138441925,0.0,2.9899834813430295,5.613619436621983
all_option_ends,7,corrupt_wrong_wrapped,285,3420,0.16058347461791755,0.4309340592046017,0.5915175338225193,0.4084824654331811,0.0,2.985264018108273,7.520895741238069
all_option_ends,7,vanilla_same_item,285,3420,0.434099946259412,0.39121967945835495,0.825319625717767,0.1746803738079661,0.0,2.8609842693945122,82.61039592547064
all_option_ends,8,clean_correct_wrapped,285,3420,0.12861305356089583,0.3379581606384807,0.4665712141993766,0.5334287859246977,0.0,2.155626652054271,14.447581323195278
all_option_ends,8,corrupt_wrong_wrapped,285,3420,0.12392783708916864,0.33890917915493624,0.46283701624410484,0.5371629842320055,0.0,2.1526757375233703,7.988479228164136
all_option_ends,8,vanilla_same_item,285,3420,0.604764745759707,0.3110087273416398,0.9157734731013467,0.0842265272981556,0.0,2.1016412629370103,689.97653809227
all_option_ends,9,clean_correct_wrapped,285,3420,0.18748759421966193,0.28981269153309447,0.4773002857527564,0.5226997130803869,0.0,2.5237840724270244,3.0593551090447337
all_option_ends,9,corrupt_wrong_wrapped,285,3420,0.18333227425518042,0.293092044739428,0.47642431899460846,0.5235756805426495,0.0,2.5222785265996444,3.1811019664198157
all_option_ends,9,vanilla_same_item,285,3420,0.615513166040999,0.2539434680855661,0.8694566341265653,0.13054336557006163,0.0,2.3861685629215157,34.775737162764734
all_option_ends,10,clean_correct_wrapped,285,3420,0.1923348231552569,0.35619465361361796,0.5485294767688749,0.45147052073023386,0.0,2.5778090766647406,3.90155375615628
all_option_ends,10,corrupt_wrong_wrapped,285,3420,0.19091310266407727,0.3571965476098107,0.5481096502738879,0.4518903491684397,0.0,2.577596296065035,6.020591625603951
all_option_ends,10,vanilla_same_item,285,3420,0.5671880751295418,0.3250141001965289,0.8922021753260707,0.10779782408493202,0.0,2.465371974396427,42.54465232066343
all_option_ends,11,clean_correct_wrapped,285,3420,0.2570620397316603,0.2917878198546811,0.5488498595863415,0.45115013946644617,0.0,2.898402421446572,3.3081761408301404
all_option_ends,11,corrupt_wrong_wrapped,285,3420,0.2532444003294788,0.2946718720536774,0.5479162723831562,0.45208372637892125,0.0,2.893030620841255,4.852138909736806
all_option_ends,11,vanilla_same_item,285,3420,0.516965562216284,0.2670607850042902,0.7840263472205742,0.21597365303238977,0.0,2.7408936777135784,28.105211476693658
all_option_ends,12,clean_correct_wrapped,285,3420,0.1705778164790272,0.31300936980936334,0.48358718628839054,0.5164128133969937,0.0,2.4271651327000026,2.3788223314077297
all_option_ends,12,corrupt_wrong_wrapped,285,3420,0.17125021206956745,0.31381879854821837,0.48506901061778585,0.5149309896941947,0.0,2.4330967890850284,6.085372376339197
all_option_ends,12,vanilla_same_item,285,3420,0.5838025330271768,0.2706249777026562,0.854427510729833,0.14557249008797718,0.0,2.278832178096674,31.05896049414435
all_option_ends,13,clean_correct_wrapped,285,3420,0.13641449330595515,0.47369594143593674,0.6101104347418919,0.3898895649854686,0.0,3.069391741390117,5.8223327211853215
all_option_ends,13,corrupt_wrong_wrapped,285,3420,0.135612006616389,0.47996697654880655,0.6155789831651955,0.38442101629569586,0.0,3.058510528008143,10.72072270868486
all_option_ends,13,vanilla_same_item,285,3420,0.3357284256075346,0.42372743203260455,0.7594558576401391,0.24054414264453725,0.0,2.965884791305888,122.49415308186363
all_option_ends,14,clean_correct_wrapped,285,3420,0.11002755837526107,0.2113334117205586,0.3213609700958197,0.678639030602582,0.0,1.9201342716931034,49.523076868918714
all_option_ends,14,corrupt_wrong_wrapped,285,3420,0.10627919588734967,0.2136499925890694,0.31992918847641905,0.6800708124274583,0.0,1.9137556368914672,35.43715190225294
all_option_ends,14,vanilla_same_item,285,3420,0.6184434143023032,0.191311449609583,0.8097548639118862,0.1902451374764307,0.0,1.8541024563044013,1328.0817888302777
all_option_ends,15,clean_correct_wrapped,285,3420,0.17691416431912815,0.42586790335545716,0.6027820676745853,0.3972179326540796,0.0,2.8640202083782844,99961747.00109404
all_option_ends,15,corrupt_wrong_wrapped,285,3420,0.18077488233553243,0.4296251066741193,0.6103999890096518,0.38960001167625596,0.0,2.867869612870858,149316190.97377425
all_option_ends,15,vanilla_same_item,285,3420,0.4096164140740529,0.39748699325048337,0.8071034073245363,0.19289659302783926,0.0,2.741301965295223,778766491.0534319
all_option_ends,16,clean_correct_wrapped,285,3420,0.24377385135794505,0.29438381096763366,0.5381576623255787,0.4618423381357383,0.0,2.8253257839651833,2.1787387745650615
all_option_ends,16,corrupt_wrong_wrapped,285,3420,0.24778235484546388,0.2935869771766347,0.5413693320220986,0.45863066677954484,0.0,2.8256168977384677,2.5556889566417516
all_option_ends,16,vanilla_same_item,285,3420,0.5765923002097559,0.2667652546049028,0.8433575548146588,0.1566424445975885,0.0,2.728826458325163,18.32665890184074
all_option_ends,17,clean_correct_wrapped,285,3420,0.12805608165525623,0.2990946781411074,0.42715075979636363,0.572849239520075,0.0,2.862006597717603,1.441492138586917
all_option_ends,17,corrupt_wrong_wrapped,285,3420,0.1286818948614701,0.3055013344777114,0.43418322933918146,0.5658167702100942,0.0,2.8633628908827986,1.6462305413479674
all_option_ends,17,vanilla_same_item,285,3420,0.4820133280624467,0.2588087198287739,0.7408220478912205,0.25917795385800474,0.0,2.602711573016574,7.152403659226601
all_option_ends,18,clean_correct_wrapped,285,3420,0.10256987622525704,0.38469343137738293,0.48726330760264,0.5127366926696877,0.0,2.8886551561759926,4.119895966594767
all_option_ends,18,corrupt_wrong_wrapped,285,3420,0.10539264299482615,0.3879739096176479,0.49336655261247403,0.5066334460013374,0.0,2.89117234066913,5.184870485448427
all_option_ends,18,vanilla_same_item,285,3420,0.3855897645506877,0.3646826337699784,0.7502723983206662,0.24972760239578273,0.0,2.7377211229668723,83.43423256529474
all_option_ends,19,clean_correct_wrapped,285,3420,0.06195717723652099,0.24319670341659896,0.30515388065311994,0.6948461200456456,0.0,2.243167176193487,2.102196186335653
all_option_ends,19,corrupt_wrong_wrapped,285,3420,0.06292600510784153,0.25283029893465014,0.31575630404249166,0.6842436959038418,0.0,2.253048824494955,2.3380170644515363
all_option_ends,19,vanilla_same_item,285,3420,0.4474260085006381,0.22244635243957595,0.669872360940214,0.3301276385290575,0.0,2.073588087873762,15.511141807779193
all_option_ends,20,clean_correct_wrapped,285,3420,0.11566388405443677,0.2281793297866843,0.3438432138411211,0.6561567849120158,0.0,2.3460230445478394,1.1859497820212839
all_option_ends,20,corrupt_wrong_wrapped,285,3420,0.11648542062796065,0.23980791145212815,0.35629333208008873,0.6437066670912944,0.0,2.362801216638576,1.316770492910902
all_option_ends,20,vanilla_same_item,285,3420,0.544229404387549,0.19355909568002078,0.7377885000675698,0.262211498857356,0.0,2.2454045717653477,8.798960520791315
all_option_ends,21,clean_correct_wrapped,285,3420,0.14725628416853667,0.15745745037019424,0.3047137345387309,0.6952862649605942,0.0,2.412161028019169,0.6908642140950287
all_option_ends,21,corrupt_wrong_wrapped,285,3420,0.1519229984881748,0.168199342227087,0.32012234071526174,0.6798776608466971,0.0,2.4373470608951053,0.7386660201508598
all_option_ends,21,vanilla_same_item,285,3420,0.6241194216746903,0.13652573647356187,0.7606451581482521,0.23935484220362296,0.0,2.2326917941545883,9.09125619712576
all_option_ends,22,clean_correct_wrapped,285,3420,0.08221235131885904,0.2710434770928842,0.3532558284117432,0.6467441721896952,0.0,2.2133937102573658,1.2968288270442008
all_option_ends,22,corrupt_wrong_wrapped,285,3420,0.08077150873572987,0.2790583246767503,0.35982983341248015,0.6401701650629229,0.0,2.194098020358044,1.3537034064256557
all_option_ends,22,vanilla_same_item,285,3420,0.5078364971338918,0.24156866738972252,0.7494051645236144,0.2505948362881578,0.0,2.1638391989016394,49.332262747928446
all_option_ends,23,clean_correct_wrapped,285,3420,0.08387930210629477,0.16117926130363489,0.24505856340992965,0.7549414355193445,0.0,2.1160064763972284,0.6706028310568702
all_option_ends,23,corrupt_wrong_wrapped,285,3420,0.08366780200655223,0.1686965947535552,0.25236439676010747,0.747635602831639,0.0,2.108070151023131,0.8147139454048028
all_option_ends,23,vanilla_same_item,285,3420,0.5774666657431694,0.14727675516598998,0.7247434209091594,0.2752565804829961,0.0,1.9991545960655686,20.844044452741
all_option_ends,24,clean_correct_wrapped,285,3420,0.08110023949798778,0.16674426029726305,0.24784449979525083,0.7521555012680198,0.0,2.2784599970394406,0.6015906195691061
all_option_ends,24,corrupt_wrong_wrapped,285,3420,0.08124766251295056,0.17291626072655722,0.25416392323950776,0.7458360772345716,0.0,2.260598815228158,0.6209195253018871
all_option_ends,24,vanilla_same_item,285,3420,0.530887114662372,0.17577690011345454,0.7066640147758266,0.29333598564014013,0.0,2.183394229812929,5.408545991165678
all_option_ends,25,clean_correct_wrapped,285,3420,0.09474657777305734,0.1171811705173533,0.21192774829041064,0.788072252764274,0.0,1.9378379349994381,0.8566870709362501
all_option_ends,25,corrupt_wrong_wrapped,285,3420,0.09464673409485244,0.11915005211928614,0.2137967862141386,0.786203213766141,0.0,1.9233392896446568,0.8457939384046963
all_option_ends,25,vanilla_same_item,285,3420,0.6195275552521803,0.11369154252183357,0.733219097774014,0.2667809023328836,0.0,1.8595033683362063,11.448739724115201
all_option_ends,26,clean_correct_wrapped,285,3420,0.15262296624789395,0.10102784471192902,0.253650810959823,0.7463491899772868,0.0,2.4099962329655362,0.43288719094320566
all_option_ends,26,corrupt_wrong_wrapped,285,3420,0.15125750929215237,0.10562059787433802,0.2568781071664904,0.7431218922083751,0.0,2.3890879638013782,0.4537804581344125
all_option_ends,26,vanilla_same_item,285,3420,0.69514381766145,0.09241413326004604,0.7875579509214959,0.21244204974956593,0.0,2.305877999360101,5.115005051034998
all_option_ends,27,clean_correct_wrapped,285,3420,0.25554142300344523,0.21821771926221936,0.4737591422656646,0.5262408578221016,0.0,3.4350234541976663,1.8724179942757926
all_option_ends,27,corrupt_wrong_wrapped,285,3420,0.2596555834495849,0.22640520811066636,0.4860607915602513,0.5139392081487445,0.0,3.4594222204378475,2.1606143732673937
all_option_ends,27,vanilla_same_item,285,3420,0.425205936518427,0.21857789647443251,0.6437838329928595,0.356216167854363,0.0,3.2064807534217836,2.9685724761325916
options_end,0,clean_correct_wrapped,285,3420,0.09278450491867334,0.7016984649513547,0.794482969870028,0.20551702775627248,0.0,1.813682537434178,68732405603.13463
options_end,0,corrupt_wrong_wrapped,285,3420,0.09527173330958576,0.7036486185365806,0.7989203518461663,0.20107964556338428,0.0,1.8145208259078276,68833618267.71979
options_end,0,vanilla_same_item,285,3420,0.12911173160629974,0.6850867977311405,0.8141985293374402,0.1858014681142994,0.0,1.824801216922686,71313969485.0422
options_end,1,clean_correct_wrapped,285,3420,0.13037244819734145,0.5611893197587703,0.6915617679561117,0.30843823161612605,0.0,2.9404390636679025,119.62087335685355
options_end,1,corrupt_wrong_wrapped,285,3420,0.1373963841035049,0.5638972860290029,0.7012936701325079,0.29870632993269075,0.0,2.96908473769388,252.90164229492848
options_end,1,vanilla_same_item,285,3420,0.16355766754225917,0.534828351719478,0.6983860192617372,0.3016139815705908,0.0,2.8177571581643925,162.42881635596603
options_end,2,clean_correct_wrapped,285,3420,0.07635881807785085,0.34226541997843496,0.4186242380562858,0.581375762673227,0.0,2.104208552268775,3.6061427761665605
options_end,2,corrupt_wrong_wrapped,285,3420,0.07571211563328943,0.3418683814378782,0.4175804970711676,0.5824195035758472,0.0,2.1224730319926266,3.5570807976991916
options_end,2,vanilla_same_item,285,3420,0.5302131293105283,0.3078770740619719,0.8380902033725002,0.16190979689904852,0.0,1.9179673169679634,42.040665713055716
options_end,3,clean_correct_wrapped,285,3420,0.1068153629907814,0.2956727352782837,0.40248809826906506,0.5975119009642244,0.0,2.030311162090092,4.753155126968342
options_end,3,corrupt_wrong_wrapped,285,3420,0.10595961042423709,0.2993328630786983,0.4052924735029354,0.5947075260683263,0.0,2.0521160735111486,11.687346988963018
options_end,3,vanilla_same_item,285,3420,0.5938618091480365,0.26544503247763107,0.8593068416256676,0.14069315873174146,0.0,1.7962253159903294,218.2307415520447
options_end,4,clean_correct_wrapped,285,3420,0.0958772736924067,0.23282827158708957,0.32870554527949625,0.6712944551874483,0.0,1.7311643266304237,3.1930675080910276
options_end,4,corrupt_wrong_wrapped,285,3420,0.09307548062009874,0.2335022040177386,0.3265776846378373,0.67342231477132,0.0,1.7311156988252847,4.551595854887114
options_end,4,vanilla_same_item,285,3420,0.6793376142110087,0.19470102009107246,0.8740386343020812,0.12596136503460598,0.0,1.5017975072490803,79.2562187443778
options_end,5,clean_correct_wrapped,285,3420,0.10254136114179536,0.3379535294847357,0.44049489062653113,0.5595051100671177,0.0,1.8979952627760277,12.740122536488903
options_end,5,corrupt_wrong_wrapped,285,3420,0.1007411637600122,0.3396387118617536,0.4403798756217658,0.5596201247635904,0.0,1.9121742888980093,8.801324708616987
options_end,5,vanilla_same_item,285,3420,0.6140246346772632,0.2944875068786985,0.9085121415559618,0.09148786034192523,0.0,1.6853404870877664,210.4911840792411
options_end,6,clean_correct_wrapped,285,3420,0.07078730259374942,0.25992769537563876,0.3307149979693882,0.6692850017854441,0.0,1.533450447169966,585.9510648466378
options_end,6,corrupt_wrong_wrapped,285,3420,0.07030840377533588,0.2602074699315632,0.330515873706899,0.6694841262946672,0.0,1.5262614922725992,120.82440241003945
options_end,6,vanilla_same_item,285,3420,0.6646588783531466,0.22907388714917198,0.8937327655023186,0.10626723406958342,0.0,1.3655698299722485,1903.6131970282727
options_end,7,clean_correct_wrapped,285,3420,0.12405927014558153,0.44310863793347893,0.5671679080790605,0.43283209238087855,0.0,2.496608660696891,8.056493082398786
options_end,7,corrupt_wrong_wrapped,285,3420,0.1248762150940096,0.44517671012134485,0.5700529252153544,0.42994707556503037,0.0,2.504892851935144,7.050456857486937
options_end,7,vanilla_same_item,285,3420,0.39634243021513216,0.3904447976284867,0.786787227843619,0.2132127718519758,0.0,2.3777106283090963,77.08672998467375
options_end,8,clean_correct_wrapped,285,3420,0.1085162999679735,0.35701366651702526,0.46552996648499884,0.5344700336947426,0.0,1.8995459342081296,10.1137912393474
options_end,8,corrupt_wrong_wrapped,285,3420,0.10304047039448812,0.358819370176044,0.46185984057053203,0.5381401590306109,0.0,1.9013311250189766,17.73934075872372
options_end,8,vanilla_same_item,285,3420,0.5816431075770255,0.3005790742777954,0.8822221818548209,0.11777781672332739,0.0,1.8467750040716246,1810.7647447264294
options_end,9,clean_correct_wrapped,285,3420,0.15024341220614906,0.30517856849920966,0.4554219807053587,0.5445780182232616,0.0,2.2126366284245638,2.847971967147873
options_end,9,corrupt_wrong_wrapped,285,3420,0.1438145174151569,0.31228380868148875,0.45609832609664563,0.543901672975037,0.0,2.213789622642492,4.627646549512246
options_end,9,vanilla_same_item,285,3420,0.5746812023110797,0.25393043344396365,0.8286116357550434,0.17138836451728517,0.0,2.081123168923353,32.50797347881703
options_end,10,clean_correct_wrapped,285,3420,0.15379274903558293,0.3720126036680073,0.5258053527035903,0.4741946464099469,0.0,2.2911414859456976,4.036694706507563
options_end,10,corrupt_wrong_wrapped,285,3420,0.1516115211275665,0.3726501317348348,0.5242616528624013,0.4757383485244624,0.0,2.2855163482938243,10.67436957033291
options_end,10,vanilla_same_item,285,3420,0.527817856182061,0.33007686433077826,0.8578947205128392,0.14210527926628622,0.0,2.183217086054777,51.438470951763584
options_end,11,clean_correct_wrapped,285,3420,0.2048442749010761,0.3014319181953889,0.506276193096465,0.49372380661348575,0.0,2.5319131269136017,3.4532144194552674
options_end,11,corrupt_wrong_wrapped,285,3420,0.19966393974886457,0.30582383156028026,0.5054877713091448,0.4945122287959546,0.0,2.523895509427751,10.177342466617725
options_end,11,vanilla_same_item,285,3420,0.47302923242041395,0.27748967446658906,0.750518906887003,0.24948109371606525,0.0,2.390709436157642,46.81626733883353
options_end,12,clean_correct_wrapped,285,3420,0.13313301529167812,0.3408414208741607,0.4739744361658388,0.5260255644303012,0.0,2.242517123645858,3.236861811906821
options_end,12,corrupt_wrong_wrapped,285,3420,0.12999481089878132,0.3395049170298859,0.46949972792866723,0.530500271658178,0.0,2.229481359832642,7.075830763536706
options_end,12,vanilla_same_item,285,3420,0.531365425124552,0.28540477599423497,0.816770201118787,0.18322979968458122,0.0,2.102819305170349,48.4637215194334
options_end,13,clean_correct_wrapped,285,3420,0.08975246300949957,0.4790960734097847,0.5688485364192843,0.4311514638147802,0.0,2.462647215551452,11.469921033166361
options_end,13,corrupt_wrong_wrapped,285,3420,0.08801437861854283,0.4836802174671205,0.5716945960856633,0.4283054041675814,0.0,2.4581291302080044,58.35354953758158
options_end,13,vanilla_same_item,285,3420,0.27936073057271804,0.4308710874145562,0.7102318179872742,0.28976818196272675,0.0,2.3947715387445445,190.69926456048879
options_end,14,clean_correct_wrapped,285,3420,0.07752097550122439,0.21681363783327876,0.29433461333450317,0.7056653865354808,0.0,1.6959983486657073,66.83529213004846
options_end,14,corrupt_wrong_wrapped,285,3420,0.0752586505187608,0.2163396770035032,0.29159832752226406,0.7084016737005933,0.0,1.687676914677103,46.06738969202606
options_end,14,vanilla_same_item,285,3420,0.5492803677357937,0.19309853130765178,0.7423788990434456,0.25762110041749287,0.0,1.6615162071675333,1708.3374062655728
options_end,15,clean_correct_wrapped,285,3420,0.12971572772875223,0.45474904190494075,0.584464769633693,0.41553523054190794,0.0,2.4489364096977537,2011703196.463077
options_end,15,corrupt_wrong_wrapped,285,3420,0.13009734060315908,0.4566979606573127,0.5867953012604717,0.4132046990621014,0.0,2.4515404330348183,2017126888.2884526
options_end,15,vanilla_same_item,285,3420,0.343535131569996,0.4218008507493718,0.7653359823193678,0.23466401701047385,0.0,2.3266037253230625,2358140470.5319366
options_end,16,clean_correct_wrapped,285,3420,0.19355004155882077,0.3173121907372294,0.5108622322960501,0.4891377682758125,0.0,2.7114000739148487,2.0691088078920927
options_end,16,corrupt_wrong_wrapped,285,3420,0.19262843847531608,0.31277338640814306,0.5054018248834592,0.49459817537633505,0.0,2.7064833748061754,2.293836620905933
options_end,16,vanilla_same_item,285,3420,0.5110422390321819,0.2783834005221238,0.7894256395543058,0.21057436116366873,0.0,2.598480545803469,16.938157039855973
options_end,17,clean_correct_wrapped,285,3420,0.1056053944564001,0.30311651143327306,0.40872190588967316,0.5912780943198663,0.0,2.672050448886135,1.5341048937325363
options_end,17,corrupt_wrong_wrapped,285,3420,0.10411289082393103,0.3068629293757764,0.4109758201997074,0.5890241805225412,0.0,2.671830988344219,2.1252184206510942
options_end,17,vanilla_same_item,285,3420,0.4425640473493214,0.2630559050103925,0.705619952359714,0.29438004782835253,0.0,2.4186709143134237,8.088267676589581
options_end,18,clean_correct_wrapped,285,3420,0.08657489437574356,0.3776536697634664,0.46422856413921,0.5357714374241629,0.0,2.4596526142797974,4.89622543065276
options_end,18,corrupt_wrong_wrapped,285,3420,0.08865320271773279,0.37887823451172525,0.46753143722945806,0.5324685644633309,0.0,2.461144006461428,6.108241823624386
options_end,18,vanilla_same_item,285,3420,0.34003893746994435,0.36326422678148046,0.7033031642514248,0.2966968358953801,0.0,2.306458452030232,119.43249996130557
options_end,19,clean_correct_wrapped,285,3420,0.0539700485374221,0.2316551808883488,0.2856252294257709,0.7143747705695279,0.0,1.8878988494780677,2.49548435341451
options_end,19,corrupt_wrong_wrapped,285,3420,0.0571856732579321,0.23308544597135333,0.29027111922928545,0.7097288818248378,0.0,1.8771140418380325,2.9203685743504866
options_end,19,vanilla_same_item,285,3420,0.4185119503684892,0.21978477287831003,0.6382967232467992,0.36170327516625994,0.0,1.7449346794872083,17.043617960646458
options_end,20,clean_correct_wrapped,285,3420,0.0877308182756221,0.20766406638145335,0.2953948846570754,0.7046051148706448,0.0,2.0763575703777066,1.1118111924624117
options_end,20,corrupt_wrong_wrapped,285,3420,0.08875143664225808,0.21171132544661217,0.3004627620888703,0.6995372372358079,0.0,2.08961371748071,1.1476986903479027
options_end,20,vanilla_same_item,285,3420,0.4594512742271865,0.1758945026944251,0.6353457769216116,0.3646542227742935,0.0,2.0331156957524215,8.198698266832256
options_end,21,clean_correct_wrapped,285,3420,0.11989077634727266,0.13618579256840105,0.2560765689156737,0.7439234301164659,0.0,2.2951829060432853,0.5508517233403133
options_end,21,corrupt_wrong_wrapped,285,3420,0.12670032141644835,0.145393682665893,0.27209400408234136,0.7279059970081506,0.0,2.2972768341370844,0.6240627412153014
options_end,21,vanilla_same_item,285,3420,0.5468769632243791,0.11604462754141781,0.6629215907657969,0.3370784083155953,0.0,2.2077943536011797,7.019491997209884
options_end,22,clean_correct_wrapped,285,3420,0.07087698366104199,0.25611997976328194,0.3269969634243239,0.6730030356161059,0.0,1.9056364303705289,2.6075418915046327
options_end,22,corrupt_wrong_wrapped,285,3420,0.07093440331617032,0.26474955415315643,0.3356839574693268,0.6643160435655672,0.0,1.8845961055908984,3.14111502893582
options_end,22,vanilla_same_item,285,3420,0.4552392946573103,0.20103407353304661,0.6562733681903569,0.3437266318677188,0.0,1.8994391297300657,60.85972653284739
options_end,23,clean_correct_wrapped,285,3420,0.07103840917774058,0.14789663147307938,0.21893504065081998,0.7810649585793046,0.0,1.8912107874753705,0.7181065766729733
options_end,23,corrupt_wrong_wrapped,285,3420,0.07338710296345724,0.1551966463356182,0.22858374929907543,0.771416249453248,0.0,1.8957649852721052,0.7245082406572183
options_end,23,vanilla_same_item,285,3420,0.5228983601218917,0.12156203967552325,0.644460399797415,0.355539599102932,0.0,1.7578649703064684,18.773045337470183
options_end,24,clean_correct_wrapped,285,3420,0.073988811930247,0.14453663681395407,0.21852544874420105,0.7814745509749202,0.0,1.9913205016333588,0.6714726975904685
options_end,24,corrupt_wrong_wrapped,285,3420,0.07560220762768528,0.1545872582296955,0.23018946585738076,0.7698105347043241,0.0,1.9793683747641133,0.6162869182375977
options_end,24,vanilla_same_item,285,3420,0.4989409750813553,0.1457858400601538,0.6447268151415091,0.355273185593991,0.0,1.9225452114005535,5.542785934112599
options_end,25,clean_correct_wrapped,285,3420,0.07891690425651751,0.11630211286544802,0.19521901712196554,0.8047809827833148,0.0,1.8636690450276723,1.0802647684409583
options_end,25,corrupt_wrong_wrapped,285,3420,0.08181918854623088,0.12027981112480242,0.2020989996710333,0.7979009996857276,0.0,1.864903169736397,1.1115171289695536
options_end,25,vanilla_same_item,285,3420,0.5781534656814207,0.11559111431538281,0.6937445799968035,0.3062554197008749,0.0,1.846000283286629,9.123943081506424
options_end,26,clean_correct_wrapped,285,3420,0.12466278785828784,0.1046490978216928,0.22931188567998065,0.770688113646462,0.0,2.407680747627515,0.37569202663444956
options_end,26,corrupt_wrong_wrapped,285,3420,0.1289202686459812,0.1124042289186362,0.24132449756461738,0.7586755024149404,0.0,2.4047720476113565,0.41374270200278507
options_end,26,vanilla_same_item,285,3420,0.6248063582164503,0.09252827472605504,0.7173346329425053,0.28266536733353437,0.0,2.4019679452766454,3.5955548118780185
options_end,27,clean_correct_wrapped,285,3420,0.17734631620521443,0.20939870900536983,0.38674502521058424,0.6132549754190749,0.0,3.1546820471466286,1.745030294831506
options_end,27,corrupt_wrong_wrapped,285,3420,0.18384927746276297,0.22177923485240994,0.4056285123151729,0.5943714869167787,0.0,3.1859133325386466,1.920733687534328
options_end,27,vanilla_same_item,285,3420,0.38166724287840803,0.2089252169236274,0.5905924598020355,0.40940754038134686,0.0,3.013979164689605,2.408974036578865
