condition,anchor,layer,n_items,n_rows,n_positions,patched_accuracy,mean_margin_improvement,mean_recovery,donor_item_equals_target_rate,same_label_rate
cross_item_clean_to_corrupt,all_option_ends,2,285,285,4.0,0.1368421052631579,0.9405701754385964,0.1746008327907066,0.0,0.21754385964912282
different_label_cross_item_clean_to_corrupt,all_option_ends,2,285,285,4.0,0.16140350877192983,0.8296052631578947,0.15502687178220617,0.0,0.0
same_item_clean_to_corrupt,all_option_ends,2,285,285,4.0,0.0456140350877193,0.24451754385964913,0.046261777788291,1.0,1.0
same_label_cross_item_clean_to_corrupt,all_option_ends,2,285,285,4.0,0.18947368421052632,1.0004385964912281,0.18613119235776152,0.0,1.0
vanilla_to_corrupt,all_option_ends,2,285,285,4.0,0.028070175438596492,0.1730263157894737,0.030800008299308495,1.0,1.0
cross_item_clean_to_corrupt,all_option_ends,4,285,285,4.0,0.14035087719298245,0.8881578947368421,0.16871598435991755,0.0,0.21754385964912282
different_label_cross_item_clean_to_corrupt,all_option_ends,4,285,285,4.0,0.15789473684210525,0.8008771929824562,0.14347215864046556,0.0,0.0
same_item_clean_to_corrupt,all_option_ends,4,285,285,4.0,0.042105263157894736,0.28771929824561404,0.05618817932937675,1.0,1.0
same_label_cross_item_clean_to_corrupt,all_option_ends,4,285,285,4.0,0.20350877192982456,1.0133771929824562,0.1838221008043917,0.0,1.0
vanilla_to_corrupt,all_option_ends,4,285,285,4.0,0.03859649122807018,0.18596491228070175,0.03640012746666699,1.0,1.0
cross_item_clean_to_corrupt,all_option_ends,6,285,285,4.0,0.11929824561403508,0.7515350877192982,0.14193827366623496,0.0,0.21754385964912282
different_label_cross_item_clean_to_corrupt,all_option_ends,6,285,285,4.0,0.1649122807017544,0.774780701754386,0.14250225484252535,0.0,0.0
same_item_clean_to_corrupt,all_option_ends,6,285,285,4.0,0.056140350877192984,0.30350877192982456,0.064377990225818,1.0,1.0
same_label_cross_item_clean_to_corrupt,all_option_ends,6,285,285,4.0,0.1649122807017544,0.9324561403508772,0.16716017563060992,0.0,1.0
vanilla_to_corrupt,all_option_ends,6,285,285,4.0,0.042105263157894736,0.19078947368421054,0.039997414969111134,1.0,1.0
cross_item_clean_to_corrupt,all_option_ends,8,285,285,4.0,0.13333333333333333,0.7107456140350877,0.13289357507193567,0.0,0.21754385964912282
different_label_cross_item_clean_to_corrupt,all_option_ends,8,285,285,4.0,0.15087719298245614,0.7092105263157895,0.13820786442286395,0.0,0.0
same_item_clean_to_corrupt,all_option_ends,8,285,285,4.0,0.07719298245614035,0.2850877192982456,0.05980296207392064,1.0,1.0
same_label_cross_item_clean_to_corrupt,all_option_ends,8,285,285,4.0,0.1368421052631579,0.7802631578947369,0.13706208393932606,0.0,1.0
vanilla_to_corrupt,all_option_ends,8,285,285,4.0,0.06666666666666667,0.25043859649122807,0.05000316043659057,1.0,1.0
cross_item_clean_to_corrupt,all_option_ends,10,285,285,4.0,0.12280701754385964,0.7677631578947368,0.14694197092804173,0.0,0.21754385964912282
different_label_cross_item_clean_to_corrupt,all_option_ends,10,285,285,4.0,0.14035087719298245,0.7070175438596491,0.1287811081250314,0.0,0.0
same_item_clean_to_corrupt,all_option_ends,10,285,285,4.0,0.06666666666666667,0.35986842105263156,0.07189396231545477,1.0,1.0
same_label_cross_item_clean_to_corrupt,all_option_ends,10,285,285,4.0,0.16140350877192983,0.8449561403508772,0.14776391713122086,0.0,1.0
vanilla_to_corrupt,all_option_ends,10,285,285,4.0,0.08421052631578947,0.30679824561403507,0.05879802294783656,1.0,1.0
cross_item_clean_to_corrupt,all_option_ends,12,285,285,4.0,0.11578947368421053,0.681359649122807,0.13479530484295,0.0,0.21754385964912282
different_label_cross_item_clean_to_corrupt,all_option_ends,12,285,285,4.0,0.12631578947368421,0.7539473684210526,0.13054999892821373,0.0,0.0
same_item_clean_to_corrupt,all_option_ends,12,285,285,4.0,0.11228070175438597,0.5657894736842105,0.10405897961123937,1.0,1.0
same_label_cross_item_clean_to_corrupt,all_option_ends,12,285,285,4.0,0.19298245614035087,1.1359649122807018,0.21488315365827407,0.0,1.0
vanilla_to_corrupt,all_option_ends,12,285,285,4.0,0.10877192982456141,0.4410087719298246,0.0806647010243103,1.0,1.0
cross_item_clean_to_corrupt,all_option_ends,14,285,285,4.0,0.10175438596491228,0.694078947368421,0.13454720395302677,0.0,0.21754385964912282
different_label_cross_item_clean_to_corrupt,all_option_ends,14,285,285,4.0,0.11578947368421053,0.7708333333333334,0.1344058071390668,0.0,0.0
same_item_clean_to_corrupt,all_option_ends,14,285,285,4.0,0.12982456140350876,0.7219298245614035,0.12865706257670687,1.0,1.0
same_label_cross_item_clean_to_corrupt,all_option_ends,14,285,285,4.0,0.16140350877192983,1.1631578947368422,0.2216054368548456,0.0,1.0
vanilla_to_corrupt,all_option_ends,14,285,285,4.0,0.11228070175438597,0.5342105263157895,0.09075648820083607,1.0,1.0
cross_item_clean_to_corrupt,all_option_ends,16,285,285,4.0,0.07017543859649122,0.4861842105263158,0.08668869503378873,0.0,0.21754385964912282
different_label_cross_item_clean_to_corrupt,all_option_ends,16,285,285,4.0,0.06315789473684211,0.47149122807017546,0.07850262649649481,0.0,0.0
same_item_clean_to_corrupt,all_option_ends,16,285,285,4.0,0.12982456140350876,0.7872807017543859,0.1384462358392712,1.0,1.0
same_label_cross_item_clean_to_corrupt,all_option_ends,16,285,285,4.0,0.16842105263157894,1.1995614035087718,0.2444099938383082,0.0,1.0
vanilla_to_corrupt,all_option_ends,16,285,285,4.0,0.10877192982456141,0.5447368421052632,0.09261195337670902,1.0,1.0
cross_item_clean_to_corrupt,options_end,2,285,285,1.0,0.10877192982456141,0.41228070175438597,0.07074792287207617,0.0,0.21754385964912282
different_label_cross_item_clean_to_corrupt,options_end,2,285,285,1.0,0.0912280701754386,0.32719298245614037,0.05058922548104089,0.0,0.0
same_item_clean_to_corrupt,options_end,2,285,285,1.0,0.02456140350877193,0.05416666666666667,0.01068922718197876,1.0,1.0
same_label_cross_item_clean_to_corrupt,options_end,2,285,285,1.0,0.09473684210526316,0.2769736842105263,0.04188053661662492,0.0,1.0
vanilla_to_corrupt,options_end,2,285,285,1.0,0.021052631578947368,0.043859649122807015,0.007866707433799087,1.0,1.0
cross_item_clean_to_corrupt,options_end,4,285,285,1.0,0.12631578947368421,0.4085526315789474,0.07505446465679214,0.0,0.21754385964912282
different_label_cross_item_clean_to_corrupt,options_end,4,285,285,1.0,0.10877192982456141,0.3050438596491228,0.047184233076421736,0.0,0.0
same_item_clean_to_corrupt,options_end,4,285,285,1.0,0.021052631578947368,0.059429824561403506,0.011433469259487437,1.0,1.0
same_label_cross_item_clean_to_corrupt,options_end,4,285,285,1.0,0.10877192982456141,0.30043859649122806,0.04236699976922263,0.0,1.0
vanilla_to_corrupt,options_end,4,285,285,1.0,0.021052631578947368,0.058333333333333334,0.0106057683526126,1.0,1.0
cross_item_clean_to_corrupt,options_end,6,285,285,1.0,0.12982456140350876,0.41732456140350876,0.07923484888361756,0.0,0.21754385964912282
different_label_cross_item_clean_to_corrupt,options_end,6,285,285,1.0,0.10175438596491228,0.27828947368421053,0.042185318141534985,0.0,0.0
same_item_clean_to_corrupt,options_end,6,285,285,1.0,0.017543859649122806,0.05526315789473684,0.009824092159459999,1.0,1.0
same_label_cross_item_clean_to_corrupt,options_end,6,285,285,1.0,0.10175438596491228,0.28903508771929826,0.04147088307757082,0.0,1.0
vanilla_to_corrupt,options_end,6,285,285,1.0,0.031578947368421054,0.05307017543859649,0.00993814991293001,1.0,1.0
cross_item_clean_to_corrupt,options_end,8,285,285,1.0,0.11929824561403508,0.3714912280701754,0.07118757256078632,0.0,0.21754385964912282
different_label_cross_item_clean_to_corrupt,options_end,8,285,285,1.0,0.10877192982456141,0.23574561403508773,0.035500882213493665,0.0,0.0
same_item_clean_to_corrupt,options_end,8,285,285,1.0,0.017543859649122806,0.03837719298245614,0.009014434749526649,1.0,1.0
same_label_cross_item_clean_to_corrupt,options_end,8,285,285,1.0,0.10175438596491228,0.29583333333333334,0.046296614948399054,0.0,1.0
vanilla_to_corrupt,options_end,8,285,285,1.0,0.03508771929824561,0.030921052631578946,0.006984942729724635,1.0,1.0
cross_item_clean_to_corrupt,options_end,10,285,285,1.0,0.14736842105263157,0.4390350877192982,0.08319864118693304,0.0,0.21754385964912282
different_label_cross_item_clean_to_corrupt,options_end,10,285,285,1.0,0.10526315789473684,0.24451754385964913,0.03556118450916087,0.0,0.0
same_item_clean_to_corrupt,options_end,10,285,285,1.0,0.031578947368421054,0.07587719298245614,0.014541238783397453,1.0,1.0
same_label_cross_item_clean_to_corrupt,options_end,10,285,285,1.0,0.11228070175438597,0.30043859649122806,0.04471878937084809,0.0,1.0
vanilla_to_corrupt,options_end,10,285,285,1.0,0.03508771929824561,0.07785087719298246,0.014739567178834892,1.0,1.0
cross_item_clean_to_corrupt,options_end,12,285,285,1.0,0.13333333333333333,0.3675438596491228,0.06835052462239236,0.0,0.21754385964912282
different_label_cross_item_clean_to_corrupt,options_end,12,285,285,1.0,0.09473684210526316,0.1699561403508772,0.02089332488550225,0.0,0.0
same_item_clean_to_corrupt,options_end,12,285,285,1.0,0.031578947368421054,0.19473684210526315,0.030530114415877482,1.0,1.0
same_label_cross_item_clean_to_corrupt,options_end,12,285,285,1.0,0.11929824561403508,0.4,0.06173925695950879,0.0,1.0
vanilla_to_corrupt,options_end,12,285,285,1.0,0.03508771929824561,0.15745614035087718,0.027203998612982193,1.0,1.0
cross_item_clean_to_corrupt,options_end,14,285,285,1.0,0.10175438596491228,0.2675438596491228,0.05223711336514718,0.0,0.21754385964912282
different_label_cross_item_clean_to_corrupt,options_end,14,285,285,1.0,0.0912280701754386,0.17149122807017544,0.029596124788630357,0.0,0.0
same_item_clean_to_corrupt,options_end,14,285,285,1.0,0.042105263157894736,0.24605263157894736,0.04026026757662553,1.0,1.0
same_label_cross_item_clean_to_corrupt,options_end,14,285,285,1.0,0.11929824561403508,0.3331140350877193,0.05729472693150241,0.0,1.0
vanilla_to_corrupt,options_end,14,285,285,1.0,0.05263157894736842,0.1949561403508772,0.030483237098349023,1.0,1.0
cross_item_clean_to_corrupt,options_end,16,285,285,1.0,0.06666666666666667,0.16403508771929826,0.02975595608419873,0.0,0.21754385964912282
different_label_cross_item_clean_to_corrupt,options_end,16,285,285,1.0,0.08070175438596491,0.13114035087719297,0.022826780725786016,0.0,0.0
same_item_clean_to_corrupt,options_end,16,285,285,1.0,0.04912280701754386,0.2918859649122807,0.04748749357186816,1.0,1.0
same_label_cross_item_clean_to_corrupt,options_end,16,285,285,1.0,0.09473684210526316,0.35482456140350876,0.06987516240311062,0.0,1.0
vanilla_to_corrupt,options_end,16,285,285,1.0,0.03859649122807018,0.20043859649122808,0.029059400944811978,1.0,1.0
