model,model_id,anchor,layer,run_kind,attention_mass_question_options,attention_mass_wrapper_syntax,attention_entropy
Qwen,Qwen/Qwen2.5-1.5B-Instruct,all_option_ends,0,clean_correct_wrapped,0.8010789195510972,0.19892108090923558,2.6997159036453704
Qwen,Qwen/Qwen2.5-1.5B-Instruct,all_option_ends,0,corrupt_wrong_wrapped,0.8044406150129321,0.1955593865608569,2.6921863716248184
Qwen,Qwen/Qwen2.5-1.5B-Instruct,all_option_ends,0,vanilla_same_item,0.8350343196864514,0.16496568242560242,2.632731910964899
Qwen,Qwen/Qwen2.5-1.5B-Instruct,all_option_ends,1,clean_correct_wrapped,0.6894841686672789,0.3105158314474519,3.575479414414244
Qwen,Qwen/Qwen2.5-1.5B-Instruct,all_option_ends,1,corrupt_wrong_wrapped,0.6953640964080129,0.3046359035129323,3.587011368651139
Qwen,Qwen/Qwen2.5-1.5B-Instruct,all_option_ends,1,vanilla_same_item,0.7201360770431181,0.27986392367006296,3.3931228230222623
Qwen,Qwen/Qwen2.5-1.5B-Instruct,all_option_ends,2,clean_correct_wrapped,0.4187392544613833,0.5812607452509604,2.4632577977442778
Qwen,Qwen/Qwen2.5-1.5B-Instruct,all_option_ends,2,corrupt_wrong_wrapped,0.4195686746879357,0.5804313258459922,2.474204115580484
Qwen,Qwen/Qwen2.5-1.5B-Instruct,all_option_ends,2,vanilla_same_item,0.8510880196379207,0.14891197980820317,2.2584191390558295
Qwen,Qwen/Qwen2.5-1.5B-Instruct,all_option_ends,3,clean_correct_wrapped,0.41594560880760273,0.5840543909548109,2.3745603603577754
Qwen,Qwen/Qwen2.5-1.5B-Instruct,all_option_ends,3,corrupt_wrong_wrapped,0.4173825831684403,0.5826174167221208,2.3976208769177134
Qwen,Qwen/Qwen2.5-1.5B-Instruct,all_option_ends,3,vanilla_same_item,0.8792285700756185,0.12077142900453025,2.1367797286451213
Qwen,Qwen/Qwen2.5-1.5B-Instruct,all_option_ends,4,clean_correct_wrapped,0.33682736259097357,0.6631726360035657,1.9693012864334367
Qwen,Qwen/Qwen2.5-1.5B-Instruct,all_option_ends,4,corrupt_wrong_wrapped,0.33515126338211815,0.6648487372975899,1.9690039806351152
Qwen,Qwen/Qwen2.5-1.5B-Instruct,all_option_ends,4,vanilla_same_item,0.8750573415218156,0.12494265899962163,1.7358840541859641
Qwen,Qwen/Qwen2.5-1.5B-Instruct,all_option_ends,5,clean_correct_wrapped,0.44081918077913823,0.5591808187887963,2.2031695983301827
Qwen,Qwen/Qwen2.5-1.5B-Instruct,all_option_ends,5,corrupt_wrong_wrapped,0.44021255426386124,0.5597874454056592,2.205000406695388
Qwen,Qwen/Qwen2.5-1.5B-Instruct,all_option_ends,5,vanilla_same_item,0.9196811921533519,0.08031880793434794,2.0094286851977046
Qwen,Qwen/Qwen2.5-1.5B-Instruct,all_option_ends,6,clean_correct_wrapped,0.3383355398344531,0.661664461765557,1.82893677187882
Qwen,Qwen/Qwen2.5-1.5B-Instruct,all_option_ends,6,corrupt_wrong_wrapped,0.338466682263575,0.6615333189752111,1.816770768010368
Qwen,Qwen/Qwen2.5-1.5B-Instruct,all_option_ends,6,vanilla_same_item,0.9019338470089061,0.09806615258077124,1.6805460639951522
Qwen,Qwen/Qwen2.5-1.5B-Instruct,all_option_ends,7,clean_correct_wrapped,0.5910792495676158,0.40892075138441925,2.9899834813430295
Qwen,Qwen/Qwen2.5-1.5B-Instruct,all_option_ends,7,corrupt_wrong_wrapped,0.5915175338225193,0.4084824654331811,2.985264018108273
Qwen,Qwen/Qwen2.5-1.5B-Instruct,all_option_ends,7,vanilla_same_item,0.825319625717767,0.1746803738079661,2.8609842693945122
Qwen,Qwen/Qwen2.5-1.5B-Instruct,all_option_ends,8,clean_correct_wrapped,0.4665712141993766,0.5334287859246977,2.155626652054271
Qwen,Qwen/Qwen2.5-1.5B-Instruct,all_option_ends,8,corrupt_wrong_wrapped,0.46283701624410484,0.5371629842320055,2.1526757375233703
Qwen,Qwen/Qwen2.5-1.5B-Instruct,all_option_ends,8,vanilla_same_item,0.9157734731013467,0.0842265272981556,2.1016412629370103
Qwen,Qwen/Qwen2.5-1.5B-Instruct,all_option_ends,9,clean_correct_wrapped,0.4773002857527564,0.5226997130803869,2.5237840724270244
Qwen,Qwen/Qwen2.5-1.5B-Instruct,all_option_ends,9,corrupt_wrong_wrapped,0.47642431899460846,0.5235756805426495,2.5222785265996444
Qwen,Qwen/Qwen2.5-1.5B-Instruct,all_option_ends,9,vanilla_same_item,0.8694566341265653,0.13054336557006163,2.3861685629215157
Qwen,Qwen/Qwen2.5-1.5B-Instruct,all_option_ends,10,clean_correct_wrapped,0.5485294767688749,0.45147052073023386,2.5778090766647406
Qwen,Qwen/Qwen2.5-1.5B-Instruct,all_option_ends,10,corrupt_wrong_wrapped,0.5481096502738879,0.4518903491684397,2.577596296065035
Qwen,Qwen/Qwen2.5-1.5B-Instruct,all_option_ends,10,vanilla_same_item,0.8922021753260707,0.10779782408493202,2.465371974396427
Qwen,Qwen/Qwen2.5-1.5B-Instruct,all_option_ends,11,clean_correct_wrapped,0.5488498595863415,0.45115013946644617,2.898402421446572
Qwen,Qwen/Qwen2.5-1.5B-Instruct,all_option_ends,11,corrupt_wrong_wrapped,0.5479162723831562,0.45208372637892125,2.893030620841255
Qwen,Qwen/Qwen2.5-1.5B-Instruct,all_option_ends,11,vanilla_same_item,0.7840263472205742,0.21597365303238977,2.7408936777135784
Qwen,Qwen/Qwen2.5-1.5B-Instruct,all_option_ends,12,clean_correct_wrapped,0.48358718628839054,0.5164128133969937,2.4271651327000026
Qwen,Qwen/Qwen2.5-1.5B-Instruct,all_option_ends,12,corrupt_wrong_wrapped,0.48506901061778585,0.5149309896941947,2.4330967890850284
Qwen,Qwen/Qwen2.5-1.5B-Instruct,all_option_ends,12,vanilla_same_item,0.854427510729833,0.14557249008797718,2.278832178096674
Qwen,Qwen/Qwen2.5-1.5B-Instruct,all_option_ends,13,clean_correct_wrapped,0.6101104347418919,0.3898895649854686,3.069391741390117
Qwen,Qwen/Qwen2.5-1.5B-Instruct,all_option_ends,13,corrupt_wrong_wrapped,0.6155789831651955,0.38442101629569586,3.058510528008143
Qwen,Qwen/Qwen2.5-1.5B-Instruct,all_option_ends,13,vanilla_same_item,0.7594558576401391,0.24054414264453725,2.965884791305888
Qwen,Qwen/Qwen2.5-1.5B-Instruct,all_option_ends,14,clean_correct_wrapped,0.3213609700958197,0.678639030602582,1.9201342716931034
Qwen,Qwen/Qwen2.5-1.5B-Instruct,all_option_ends,14,corrupt_wrong_wrapped,0.31992918847641905,0.6800708124274583,1.9137556368914672
Qwen,Qwen/Qwen2.5-1.5B-Instruct,all_option_ends,14,vanilla_same_item,0.8097548639118862,0.1902451374764307,1.8541024563044013
Qwen,Qwen/Qwen2.5-1.5B-Instruct,all_option_ends,15,clean_correct_wrapped,0.6027820676745853,0.3972179326540796,2.8640202083782844
Qwen,Qwen/Qwen2.5-1.5B-Instruct,all_option_ends,15,corrupt_wrong_wrapped,0.6103999890096518,0.38960001167625596,2.867869612870858
Qwen,Qwen/Qwen2.5-1.5B-Instruct,all_option_ends,15,vanilla_same_item,0.8071034073245363,0.19289659302783926,2.741301965295223
Qwen,Qwen/Qwen2.5-1.5B-Instruct,all_option_ends,16,clean_correct_wrapped,0.5381576623255787,0.4618423381357383,2.8253257839651833
Qwen,Qwen/Qwen2.5-1.5B-Instruct,all_option_ends,16,corrupt_wrong_wrapped,0.5413693320220986,0.45863066677954484,2.8256168977384677
Qwen,Qwen/Qwen2.5-1.5B-Instruct,all_option_ends,16,vanilla_same_item,0.8433575548146588,0.1566424445975885,2.728826458325163
Qwen,Qwen/Qwen2.5-1.5B-Instruct,all_option_ends,17,clean_correct_wrapped,0.42715075979636363,0.572849239520075,2.862006597717603
Qwen,Qwen/Qwen2.5-1.5B-Instruct,all_option_ends,17,corrupt_wrong_wrapped,0.43418322933918146,0.5658167702100942,2.8633628908827986
Qwen,Qwen/Qwen2.5-1.5B-Instruct,all_option_ends,17,vanilla_same_item,0.7408220478912205,0.25917795385800474,2.602711573016574
Qwen,Qwen/Qwen2.5-1.5B-Instruct,all_option_ends,18,clean_correct_wrapped,0.48726330760264,0.5127366926696877,2.8886551561759926
Qwen,Qwen/Qwen2.5-1.5B-Instruct,all_option_ends,18,corrupt_wrong_wrapped,0.49336655261247403,0.5066334460013374,2.89117234066913
Qwen,Qwen/Qwen2.5-1.5B-Instruct,all_option_ends,18,vanilla_same_item,0.7502723983206662,0.24972760239578273,2.7377211229668723
Qwen,Qwen/Qwen2.5-1.5B-Instruct,all_option_ends,19,clean_correct_wrapped,0.30515388065311994,0.6948461200456456,2.243167176193487
Qwen,Qwen/Qwen2.5-1.5B-Instruct,all_option_ends,19,corrupt_wrong_wrapped,0.31575630404249166,0.6842436959038418,2.253048824494955
Qwen,Qwen/Qwen2.5-1.5B-Instruct,all_option_ends,19,vanilla_same_item,0.669872360940214,0.3301276385290575,2.073588087873762
Qwen,Qwen/Qwen2.5-1.5B-Instruct,all_option_ends,20,clean_correct_wrapped,0.3438432138411211,0.6561567849120158,2.3460230445478394
Qwen,Qwen/Qwen2.5-1.5B-Instruct,all_option_ends,20,corrupt_wrong_wrapped,0.35629333208008873,0.6437066670912944,2.362801216638576
Qwen,Qwen/Qwen2.5-1.5B-Instruct,all_option_ends,20,vanilla_same_item,0.7377885000675698,0.262211498857356,2.2454045717653477
Qwen,Qwen/Qwen2.5-1.5B-Instruct,all_option_ends,21,clean_correct_wrapped,0.3047137345387309,0.6952862649605942,2.412161028019169
Qwen,Qwen/Qwen2.5-1.5B-Instruct,all_option_ends,21,corrupt_wrong_wrapped,0.32012234071526174,0.6798776608466971,2.4373470608951053
Qwen,Qwen/Qwen2.5-1.5B-Instruct,all_option_ends,21,vanilla_same_item,0.7606451581482521,0.23935484220362296,2.2326917941545883
Qwen,Qwen/Qwen2.5-1.5B-Instruct,all_option_ends,22,clean_correct_wrapped,0.3532558284117432,0.6467441721896952,2.2133937102573658
Qwen,Qwen/Qwen2.5-1.5B-Instruct,all_option_ends,22,corrupt_wrong_wrapped,0.35982983341248015,0.6401701650629229,2.194098020358044
Qwen,Qwen/Qwen2.5-1.5B-Instruct,all_option_ends,22,vanilla_same_item,0.7494051645236144,0.2505948362881578,2.1638391989016394
Qwen,Qwen/Qwen2.5-1.5B-Instruct,all_option_ends,23,clean_correct_wrapped,0.24505856340992965,0.7549414355193445,2.1160064763972284
Qwen,Qwen/Qwen2.5-1.5B-Instruct,all_option_ends,23,corrupt_wrong_wrapped,0.25236439676010747,0.747635602831639,2.108070151023131
Qwen,Qwen/Qwen2.5-1.5B-Instruct,all_option_ends,23,vanilla_same_item,0.7247434209091594,0.2752565804829961,1.9991545960655686
Qwen,Qwen/Qwen2.5-1.5B-Instruct,all_option_ends,24,clean_correct_wrapped,0.24784449979525083,0.7521555012680198,2.2784599970394406
Qwen,Qwen/Qwen2.5-1.5B-Instruct,all_option_ends,24,corrupt_wrong_wrapped,0.25416392323950776,0.7458360772345716,2.260598815228158
Qwen,Qwen/Qwen2.5-1.5B-Instruct,all_option_ends,24,vanilla_same_item,0.7066640147758266,0.29333598564014013,2.183394229812929
Qwen,Qwen/Qwen2.5-1.5B-Instruct,all_option_ends,25,clean_correct_wrapped,0.21192774829041064,0.788072252764274,1.9378379349994381
Qwen,Qwen/Qwen2.5-1.5B-Instruct,all_option_ends,25,corrupt_wrong_wrapped,0.2137967862141386,0.786203213766141,1.9233392896446568
Qwen,Qwen/Qwen2.5-1.5B-Instruct,all_option_ends,25,vanilla_same_item,0.733219097774014,0.2667809023328836,1.8595033683362063
Qwen,Qwen/Qwen2.5-1.5B-Instruct,all_option_ends,26,clean_correct_wrapped,0.253650810959823,0.7463491899772868,2.4099962329655362
Qwen,Qwen/Qwen2.5-1.5B-Instruct,all_option_ends,26,corrupt_wrong_wrapped,0.2568781071664904,0.7431218922083751,2.3890879638013782
Qwen,Qwen/Qwen2.5-1.5B-Instruct,all_option_ends,26,vanilla_same_item,0.7875579509214959,0.21244204974956593,2.305877999360101
Qwen,Qwen/Qwen2.5-1.5B-Instruct,all_option_ends,27,clean_correct_wrapped,0.4737591422656646,0.5262408578221016,3.4350234541976663
Qwen,Qwen/Qwen2.5-1.5B-Instruct,all_option_ends,27,corrupt_wrong_wrapped,0.4860607915602513,0.5139392081487445,3.4594222204378475
Qwen,Qwen/Qwen2.5-1.5B-Instruct,all_option_ends,27,vanilla_same_item,0.6437838329928595,0.356216167854363,3.2064807534217836
Qwen,Qwen/Qwen2.5-1.5B-Instruct,options_end,0,clean_correct_wrapped,0.794482969870028,0.20551702775627248,1.813682537434178
Qwen,Qwen/Qwen2.5-1.5B-Instruct,options_end,0,corrupt_wrong_wrapped,0.7989203518461663,0.20107964556338428,1.8145208259078276
Qwen,Qwen/Qwen2.5-1.5B-Instruct,options_end,0,vanilla_same_item,0.8141985293374402,0.1858014681142994,1.824801216922686
Qwen,Qwen/Qwen2.5-1.5B-Instruct,options_end,1,clean_correct_wrapped,0.6915617679561117,0.30843823161612605,2.9404390636679025
Qwen,Qwen/Qwen2.5-1.5B-Instruct,options_end,1,corrupt_wrong_wrapped,0.7012936701325079,0.29870632993269075,2.96908473769388
Qwen,Qwen/Qwen2.5-1.5B-Instruct,options_end,1,vanilla_same_item,0.6983860192617372,0.3016139815705908,2.8177571581643925
Qwen,Qwen/Qwen2.5-1.5B-Instruct,options_end,2,clean_correct_wrapped,0.4186242380562858,0.581375762673227,2.104208552268775
Qwen,Qwen/Qwen2.5-1.5B-Instruct,options_end,2,corrupt_wrong_wrapped,0.4175804970711676,0.5824195035758472,2.1224730319926266
Qwen,Qwen/Qwen2.5-1.5B-Instruct,options_end,2,vanilla_same_item,0.8380902033725002,0.16190979689904852,1.9179673169679634
Qwen,Qwen/Qwen2.5-1.5B-Instruct,options_end,3,clean_correct_wrapped,0.40248809826906506,0.5975119009642244,2.030311162090092
Qwen,Qwen/Qwen2.5-1.5B-Instruct,options_end,3,corrupt_wrong_wrapped,0.4052924735029354,0.5947075260683263,2.0521160735111486
Qwen,Qwen/Qwen2.5-1.5B-Instruct,options_end,3,vanilla_same_item,0.8593068416256676,0.14069315873174146,1.7962253159903294
Qwen,Qwen/Qwen2.5-1.5B-Instruct,options_end,4,clean_correct_wrapped,0.32870554527949625,0.6712944551874483,1.7311643266304237
Qwen,Qwen/Qwen2.5-1.5B-Instruct,options_end,4,corrupt_wrong_wrapped,0.3265776846378373,0.67342231477132,1.7311156988252847
Qwen,Qwen/Qwen2.5-1.5B-Instruct,options_end,4,vanilla_same_item,0.8740386343020812,0.12596136503460598,1.5017975072490803
Qwen,Qwen/Qwen2.5-1.5B-Instruct,options_end,5,clean_correct_wrapped,0.44049489062653113,0.5595051100671177,1.8979952627760277
Qwen,Qwen/Qwen2.5-1.5B-Instruct,options_end,5,corrupt_wrong_wrapped,0.4403798756217658,0.5596201247635904,1.9121742888980093
Qwen,Qwen/Qwen2.5-1.5B-Instruct,options_end,5,vanilla_same_item,0.9085121415559618,0.09148786034192523,1.6853404870877664
Qwen,Qwen/Qwen2.5-1.5B-Instruct,options_end,6,clean_correct_wrapped,0.3307149979693882,0.6692850017854441,1.533450447169966
Qwen,Qwen/Qwen2.5-1.5B-Instruct,options_end,6,corrupt_wrong_wrapped,0.330515873706899,0.6694841262946672,1.5262614922725992
Qwen,Qwen/Qwen2.5-1.5B-Instruct,options_end,6,vanilla_same_item,0.8937327655023186,0.10626723406958342,1.3655698299722485
Qwen,Qwen/Qwen2.5-1.5B-Instruct,options_end,7,clean_correct_wrapped,0.5671679080790605,0.43283209238087855,2.496608660696891
Qwen,Qwen/Qwen2.5-1.5B-Instruct,options_end,7,corrupt_wrong_wrapped,0.5700529252153544,0.42994707556503037,2.504892851935144
Qwen,Qwen/Qwen2.5-1.5B-Instruct,options_end,7,vanilla_same_item,0.786787227843619,0.2132127718519758,2.3777106283090963
Qwen,Qwen/Qwen2.5-1.5B-Instruct,options_end,8,clean_correct_wrapped,0.46552996648499884,0.5344700336947426,1.8995459342081296
Qwen,Qwen/Qwen2.5-1.5B-Instruct,options_end,8,corrupt_wrong_wrapped,0.46185984057053203,0.5381401590306109,1.9013311250189766
Qwen,Qwen/Qwen2.5-1.5B-Instruct,options_end,8,vanilla_same_item,0.8822221818548209,0.11777781672332739,1.8467750040716246
Qwen,Qwen/Qwen2.5-1.5B-Instruct,options_end,9,clean_correct_wrapped,0.4554219807053587,0.5445780182232616,2.2126366284245638
Qwen,Qwen/Qwen2.5-1.5B-Instruct,options_end,9,corrupt_wrong_wrapped,0.45609832609664563,0.543901672975037,2.213789622642492
Qwen,Qwen/Qwen2.5-1.5B-Instruct,options_end,9,vanilla_same_item,0.8286116357550434,0.17138836451728517,2.081123168923353
Qwen,Qwen/Qwen2.5-1.5B-Instruct,options_end,10,clean_correct_wrapped,0.5258053527035903,0.4741946464099469,2.2911414859456976
Qwen,Qwen/Qwen2.5-1.5B-Instruct,options_end,10,corrupt_wrong_wrapped,0.5242616528624013,0.4757383485244624,2.2855163482938243
Qwen,Qwen/Qwen2.5-1.5B-Instruct,options_end,10,vanilla_same_item,0.8578947205128392,0.14210527926628622,2.183217086054777
Qwen,Qwen/Qwen2.5-1.5B-Instruct,options_end,11,clean_correct_wrapped,0.506276193096465,0.49372380661348575,2.5319131269136017
Qwen,Qwen/Qwen2.5-1.5B-Instruct,options_end,11,corrupt_wrong_wrapped,0.5054877713091448,0.4945122287959546,2.523895509427751
Qwen,Qwen/Qwen2.5-1.5B-Instruct,options_end,11,vanilla_same_item,0.750518906887003,0.24948109371606525,2.390709436157642
Qwen,Qwen/Qwen2.5-1.5B-Instruct,options_end,12,clean_correct_wrapped,0.4739744361658388,0.5260255644303012,2.242517123645858
Qwen,Qwen/Qwen2.5-1.5B-Instruct,options_end,12,corrupt_wrong_wrapped,0.46949972792866723,0.530500271658178,2.229481359832642
Qwen,Qwen/Qwen2.5-1.5B-Instruct,options_end,12,vanilla_same_item,0.816770201118787,0.18322979968458122,2.102819305170349
Qwen,Qwen/Qwen2.5-1.5B-Instruct,options_end,13,clean_correct_wrapped,0.5688485364192843,0.4311514638147802,2.462647215551452
Qwen,Qwen/Qwen2.5-1.5B-Instruct,options_end,13,corrupt_wrong_wrapped,0.5716945960856633,0.4283054041675814,2.4581291302080044
Qwen,Qwen/Qwen2.5-1.5B-Instruct,options_end,13,vanilla_same_item,0.7102318179872742,0.28976818196272675,2.3947715387445445
Qwen,Qwen/Qwen2.5-1.5B-Instruct,options_end,14,clean_correct_wrapped,0.29433461333450317,0.7056653865354808,1.6959983486657073
Qwen,Qwen/Qwen2.5-1.5B-Instruct,options_end,14,corrupt_wrong_wrapped,0.29159832752226406,0.7084016737005933,1.687676914677103
Qwen,Qwen/Qwen2.5-1.5B-Instruct,options_end,14,vanilla_same_item,0.7423788990434456,0.25762110041749287,1.6615162071675333
Qwen,Qwen/Qwen2.5-1.5B-Instruct,options_end,15,clean_correct_wrapped,0.584464769633693,0.41553523054190794,2.4489364096977537
Qwen,Qwen/Qwen2.5-1.5B-Instruct,options_end,15,corrupt_wrong_wrapped,0.5867953012604717,0.4132046990621014,2.4515404330348183
Qwen,Qwen/Qwen2.5-1.5B-Instruct,options_end,15,vanilla_same_item,0.7653359823193678,0.23466401701047385,2.3266037253230625
Qwen,Qwen/Qwen2.5-1.5B-Instruct,options_end,16,clean_correct_wrapped,0.5108622322960501,0.4891377682758125,2.7114000739148487
Qwen,Qwen/Qwen2.5-1.5B-Instruct,options_end,16,corrupt_wrong_wrapped,0.5054018248834592,0.49459817537633505,2.7064833748061754
Qwen,Qwen/Qwen2.5-1.5B-Instruct,options_end,16,vanilla_same_item,0.7894256395543058,0.21057436116366873,2.598480545803469
Qwen,Qwen/Qwen2.5-1.5B-Instruct,options_end,17,clean_correct_wrapped,0.40872190588967316,0.5912780943198663,2.672050448886135
Qwen,Qwen/Qwen2.5-1.5B-Instruct,options_end,17,corrupt_wrong_wrapped,0.4109758201997074,0.5890241805225412,2.671830988344219
Qwen,Qwen/Qwen2.5-1.5B-Instruct,options_end,17,vanilla_same_item,0.705619952359714,0.29438004782835253,2.4186709143134237
Qwen,Qwen/Qwen2.5-1.5B-Instruct,options_end,18,clean_correct_wrapped,0.46422856413921,0.5357714374241629,2.4596526142797974
Qwen,Qwen/Qwen2.5-1.5B-Instruct,options_end,18,corrupt_wrong_wrapped,0.46753143722945806,0.5324685644633309,2.461144006461428
Qwen,Qwen/Qwen2.5-1.5B-Instruct,options_end,18,vanilla_same_item,0.7033031642514248,0.2966968358953801,2.306458452030232
Qwen,Qwen/Qwen2.5-1.5B-Instruct,options_end,19,clean_correct_wrapped,0.2856252294257709,0.7143747705695279,1.8878988494780677
Qwen,Qwen/Qwen2.5-1.5B-Instruct,options_end,19,corrupt_wrong_wrapped,0.29027111922928545,0.7097288818248378,1.8771140418380325
Qwen,Qwen/Qwen2.5-1.5B-Instruct,options_end,19,vanilla_same_item,0.6382967232467992,0.36170327516625994,1.7449346794872083
Qwen,Qwen/Qwen2.5-1.5B-Instruct,options_end,20,clean_correct_wrapped,0.2953948846570754,0.7046051148706448,2.0763575703777066
Qwen,Qwen/Qwen2.5-1.5B-Instruct,options_end,20,corrupt_wrong_wrapped,0.3004627620888703,0.6995372372358079,2.08961371748071
Qwen,Qwen/Qwen2.5-1.5B-Instruct,options_end,20,vanilla_same_item,0.6353457769216116,0.3646542227742935,2.0331156957524215
Qwen,Qwen/Qwen2.5-1.5B-Instruct,options_end,21,clean_correct_wrapped,0.2560765689156737,0.7439234301164659,2.2951829060432853
Qwen,Qwen/Qwen2.5-1.5B-Instruct,options_end,21,corrupt_wrong_wrapped,0.27209400408234136,0.7279059970081506,2.2972768341370844
Qwen,Qwen/Qwen2.5-1.5B-Instruct,options_end,21,vanilla_same_item,0.6629215907657969,0.3370784083155953,2.2077943536011797
Qwen,Qwen/Qwen2.5-1.5B-Instruct,options_end,22,clean_correct_wrapped,0.3269969634243239,0.6730030356161059,1.9056364303705289
Qwen,Qwen/Qwen2.5-1.5B-Instruct,options_end,22,corrupt_wrong_wrapped,0.3356839574693268,0.6643160435655672,1.8845961055908984
Qwen,Qwen/Qwen2.5-1.5B-Instruct,options_end,22,vanilla_same_item,0.6562733681903569,0.3437266318677188,1.8994391297300657
Qwen,Qwen/Qwen2.5-1.5B-Instruct,options_end,23,clean_correct_wrapped,0.21893504065081998,0.7810649585793046,1.8912107874753705
Qwen,Qwen/Qwen2.5-1.5B-Instruct,options_end,23,corrupt_wrong_wrapped,0.22858374929907543,0.771416249453248,1.8957649852721052
Qwen,Qwen/Qwen2.5-1.5B-Instruct,options_end,23,vanilla_same_item,0.644460399797415,0.355539599102932,1.7578649703064684
Qwen,Qwen/Qwen2.5-1.5B-Instruct,options_end,24,clean_correct_wrapped,0.21852544874420105,0.7814745509749202,1.9913205016333588
Qwen,Qwen/Qwen2.5-1.5B-Instruct,options_end,24,corrupt_wrong_wrapped,0.23018946585738076,0.7698105347043241,1.9793683747641133
Qwen,Qwen/Qwen2.5-1.5B-Instruct,options_end,24,vanilla_same_item,0.6447268151415091,0.355273185593991,1.9225452114005535
Qwen,Qwen/Qwen2.5-1.5B-Instruct,options_end,25,clean_correct_wrapped,0.19521901712196554,0.8047809827833148,1.8636690450276723
Qwen,Qwen/Qwen2.5-1.5B-Instruct,options_end,25,corrupt_wrong_wrapped,0.2020989996710333,0.7979009996857276,1.864903169736397
Qwen,Qwen/Qwen2.5-1.5B-Instruct,options_end,25,vanilla_same_item,0.6937445799968035,0.3062554197008749,1.846000283286629
Qwen,Qwen/Qwen2.5-1.5B-Instruct,options_end,26,clean_correct_wrapped,0.22931188567998065,0.770688113646462,2.407680747627515
Qwen,Qwen/Qwen2.5-1.5B-Instruct,options_end,26,corrupt_wrong_wrapped,0.24132449756461738,0.7586755024149404,2.4047720476113565
Qwen,Qwen/Qwen2.5-1.5B-Instruct,options_end,26,vanilla_same_item,0.7173346329425053,0.28266536733353437,2.4019679452766454
Qwen,Qwen/Qwen2.5-1.5B-Instruct,options_end,27,clean_correct_wrapped,0.38674502521058424,0.6132549754190749,3.1546820471466286
Qwen,Qwen/Qwen2.5-1.5B-Instruct,options_end,27,corrupt_wrong_wrapped,0.4056285123151729,0.5943714869167787,3.1859133325386466
Qwen,Qwen/Qwen2.5-1.5B-Instruct,options_end,27,vanilla_same_item,0.5905924598020355,0.40940754038134686,3.013979164689605
Mistral,mistralai/Mistral-7B-Instruct-v0.3,all_option_ends,0,clean_correct_wrapped,0.6662992452336256,0.3337007553315584,3.892100744470954
Mistral,mistralai/Mistral-7B-Instruct-v0.3,all_option_ends,0,corrupt_wrong_wrapped,0.6373338007628189,0.36266619988708915,3.9402881205578644
Mistral,mistralai/Mistral-7B-Instruct-v0.3,all_option_ends,0,vanilla_same_item,0.746009354685797,0.2539906455577112,3.607900931673745
Mistral,mistralai/Mistral-7B-Instruct-v0.3,all_option_ends,1,clean_correct_wrapped,0.24963334777677934,0.7503666519946455,1.3624251838594985
Mistral,mistralai/Mistral-7B-Instruct-v0.3,all_option_ends,1,corrupt_wrong_wrapped,0.2507164885882389,0.7492835114959749,1.3779267729770315
Mistral,mistralai/Mistral-7B-Instruct-v0.3,all_option_ends,1,vanilla_same_item,0.8926627972627362,0.10733720214726418,1.3142261069787977
Mistral,mistralai/Mistral-7B-Instruct-v0.3,all_option_ends,2,clean_correct_wrapped,0.15896797449183184,0.8410320257182078,1.340510141084281
Mistral,mistralai/Mistral-7B-Instruct-v0.3,all_option_ends,2,corrupt_wrong_wrapped,0.16813457980674368,0.8318654195873251,1.3504986213256294
Mistral,mistralai/Mistral-7B-Instruct-v0.3,all_option_ends,2,vanilla_same_item,0.7557115463899325,0.24428845485234887,1.5308312745857984
Mistral,mistralai/Mistral-7B-Instruct-v0.3,all_option_ends,3,clean_correct_wrapped,0.18373345189792115,0.8162665474042297,1.422976387059316
Mistral,mistralai/Mistral-7B-Instruct-v0.3,all_option_ends,3,corrupt_wrong_wrapped,0.19045183324452827,0.8095481672196502,1.4141832115594297
Mistral,mistralai/Mistral-7B-Instruct-v0.3,all_option_ends,3,vanilla_same_item,0.7526539534717915,0.24734604659010073,1.6336776555112253
Mistral,mistralai/Mistral-7B-Instruct-v0.3,all_option_ends,4,clean_correct_wrapped,0.21119494728759625,0.7888050532430255,1.7426075116886446
Mistral,mistralai/Mistral-7B-Instruct-v0.3,all_option_ends,4,corrupt_wrong_wrapped,0.2199046856930346,0.7800953140225344,1.7571037403214722
Mistral,mistralai/Mistral-7B-Instruct-v0.3,all_option_ends,4,vanilla_same_item,0.7676608202847052,0.23233918054805447,1.8403606033480415
Mistral,mistralai/Mistral-7B-Instruct-v0.3,all_option_ends,5,clean_correct_wrapped,0.2533198301867774,0.746680169844767,1.7881340004969388
Mistral,mistralai/Mistral-7B-Instruct-v0.3,all_option_ends,5,corrupt_wrong_wrapped,0.2597337887806473,0.7402662115792009,1.7933253953310972
Mistral,mistralai/Mistral-7B-Instruct-v0.3,all_option_ends,5,vanilla_same_item,0.7655997898689478,0.23440021024890786,1.9325020311307162
Mistral,mistralai/Mistral-7B-Instruct-v0.3,all_option_ends,6,clean_correct_wrapped,0.2760848580254848,0.723915143252428,2.0771789150622983
Mistral,mistralai/Mistral-7B-Instruct-v0.3,all_option_ends,6,corrupt_wrong_wrapped,0.2800808307670604,0.7199191693722544,2.0998186728917063
Mistral,mistralai/Mistral-7B-Instruct-v0.3,all_option_ends,6,vanilla_same_item,0.7553783149637919,0.24462168550264324,2.1511798485772062
Mistral,mistralai/Mistral-7B-Instruct-v0.3,all_option_ends,7,clean_correct_wrapped,0.34458465233993574,0.6554153468002915,2.2151199749174215
Mistral,mistralai/Mistral-7B-Instruct-v0.3,all_option_ends,7,corrupt_wrong_wrapped,0.34517755194767585,0.6548224481601059,2.221134015087349
Mistral,mistralai/Mistral-7B-Instruct-v0.3,all_option_ends,7,vanilla_same_item,0.7860972363741608,0.213902763869836,2.270290225533148
Mistral,mistralai/Mistral-7B-Instruct-v0.3,all_option_ends,8,clean_correct_wrapped,0.3948365491402137,0.6051634510240789,2.5628637043417744
Mistral,mistralai/Mistral-7B-Instruct-v0.3,all_option_ends,8,corrupt_wrong_wrapped,0.3896344619286529,0.6103655389041918,2.5671064044504117
Mistral,mistralai/Mistral-7B-Instruct-v0.3,all_option_ends,8,vanilla_same_item,0.7580348629223053,0.24196513750701948,2.589455395899713
Mistral,mistralai/Mistral-7B-Instruct-v0.3,all_option_ends,9,clean_correct_wrapped,0.4062726593742611,0.5937273406998914,2.4335642174631356
Mistral,mistralai/Mistral-7B-Instruct-v0.3,all_option_ends,9,corrupt_wrong_wrapped,0.4024044410242207,0.5975955592310583,2.440540864545231
Mistral,mistralai/Mistral-7B-Instruct-v0.3,all_option_ends,9,vanilla_same_item,0.7629781064879836,0.23702189370708462,2.4868930839002132
Mistral,mistralai/Mistral-7B-Instruct-v0.3,all_option_ends,10,clean_correct_wrapped,0.4592754018184661,0.5407245978990493,2.919022248784701
Mistral,mistralai/Mistral-7B-Instruct-v0.3,all_option_ends,10,corrupt_wrong_wrapped,0.45175836563846605,0.5482416344050368,2.9233126656586923
Mistral,mistralai/Mistral-7B-Instruct-v0.3,all_option_ends,10,vanilla_same_item,0.7117361358991394,0.2882638650789158,2.8626453742260733
Mistral,mistralai/Mistral-7B-Instruct-v0.3,all_option_ends,11,clean_correct_wrapped,0.4288813320184196,0.5711186690135218,2.5503793077139805
Mistral,mistralai/Mistral-7B-Instruct-v0.3,all_option_ends,11,corrupt_wrong_wrapped,0.42701397022589427,0.5729860300700026,2.560746189071797
Mistral,mistralai/Mistral-7B-Instruct-v0.3,all_option_ends,11,vanilla_same_item,0.7375620216754103,0.2624379784157403,2.598191262658996
Mistral,mistralai/Mistral-7B-Instruct-v0.3,all_option_ends,12,clean_correct_wrapped,0.43913054800343104,0.5608694521491028,2.6035740059051506
Mistral,mistralai/Mistral-7B-Instruct-v0.3,all_option_ends,12,corrupt_wrong_wrapped,0.4355501814895609,0.5644498183781687,2.6026870106789284
Mistral,mistralai/Mistral-7B-Instruct-v0.3,all_option_ends,12,vanilla_same_item,0.7266271372106413,0.27337286272830513,2.61151659473544
Mistral,mistralai/Mistral-7B-Instruct-v0.3,all_option_ends,13,clean_correct_wrapped,0.5206485103038472,0.47935148908291014,3.114305481668562
Mistral,mistralai/Mistral-7B-Instruct-v0.3,all_option_ends,13,corrupt_wrong_wrapped,0.51497607574006,0.4850239244737895,3.1273711374153694
Mistral,mistralai/Mistral-7B-Instruct-v0.3,all_option_ends,13,vanilla_same_item,0.6969430387152192,0.3030569617984293,3.049852511305362
Mistral,mistralai/Mistral-7B-Instruct-v0.3,all_option_ends,14,clean_correct_wrapped,0.42751640335807867,0.5724835971860012,2.6946764579229057
Mistral,mistralai/Mistral-7B-Instruct-v0.3,all_option_ends,14,corrupt_wrong_wrapped,0.424829515997723,0.5751704841459044,2.7045521935944756
Mistral,mistralai/Mistral-7B-Instruct-v0.3,all_option_ends,14,vanilla_same_item,0.6988552489802848,0.301144750852424,2.7277943372602262
Mistral,mistralai/Mistral-7B-Instruct-v0.3,all_option_ends,15,clean_correct_wrapped,0.3811431864923531,0.6188568133753143,2.383862622423233
Mistral,mistralai/Mistral-7B-Instruct-v0.3,all_option_ends,15,corrupt_wrong_wrapped,0.37983676389715504,0.6201632355955536,2.3987174177841126
Mistral,mistralai/Mistral-7B-Instruct-v0.3,all_option_ends,15,vanilla_same_item,0.732685177026499,0.2673148232930074,2.4898686542032133
Mistral,mistralai/Mistral-7B-Instruct-v0.3,all_option_ends,16,clean_correct_wrapped,0.34302973225212224,0.656970267550593,2.443378476975486
Mistral,mistralai/Mistral-7B-Instruct-v0.3,all_option_ends,16,corrupt_wrong_wrapped,0.338557880922026,0.6614421181159075,2.4663552901583414
Mistral,mistralai/Mistral-7B-Instruct-v0.3,all_option_ends,16,vanilla_same_item,0.6995070767993857,0.300492922848595,2.4851504052616655
Mistral,mistralai/Mistral-7B-Instruct-v0.3,all_option_ends,17,clean_correct_wrapped,0.3543164921813483,0.6456835069077836,2.6666808012655627
Mistral,mistralai/Mistral-7B-Instruct-v0.3,all_option_ends,17,corrupt_wrong_wrapped,0.3488448736913085,0.651155126267998,2.6894603704024727
Mistral,mistralai/Mistral-7B-Instruct-v0.3,all_option_ends,17,vanilla_same_item,0.6350809295170105,0.36491906975294114,2.659453578465618
Mistral,mistralai/Mistral-7B-Instruct-v0.3,all_option_ends,18,clean_correct_wrapped,0.31705241512371063,0.6829475845720542,2.226837388460408
Mistral,mistralai/Mistral-7B-Instruct-v0.3,all_option_ends,18,corrupt_wrong_wrapped,0.3146539957352549,0.685346005180727,2.2499306627040885
Mistral,mistralai/Mistral-7B-Instruct-v0.3,all_option_ends,18,vanilla_same_item,0.7175069590425742,0.28249304036076256,2.235753349744482
Mistral,mistralai/Mistral-7B-Instruct-v0.3,all_option_ends,19,clean_correct_wrapped,0.27176160524093596,0.7282383960578591,2.197530384209628
Mistral,mistralai/Mistral-7B-Instruct-v0.3,all_option_ends,19,corrupt_wrong_wrapped,0.2717224889599627,0.7282775107428703,2.222732569964913
Mistral,mistralai/Mistral-7B-Instruct-v0.3,all_option_ends,19,vanilla_same_item,0.6774162050995879,0.32258379411534405,2.2521526986019067
Mistral,mistralai/Mistral-7B-Instruct-v0.3,all_option_ends,20,clean_correct_wrapped,0.2498038109071491,0.750196188861737,1.89968911539608
Mistral,mistralai/Mistral-7B-Instruct-v0.3,all_option_ends,20,corrupt_wrong_wrapped,0.25037921690929765,0.7496207833088556,1.920363911994112
Mistral,mistralai/Mistral-7B-Instruct-v0.3,all_option_ends,20,vanilla_same_item,0.7153803936060031,0.28461960756375143,1.9891849070601166
Mistral,mistralai/Mistral-7B-Instruct-v0.3,all_option_ends,21,clean_correct_wrapped,0.22712517940516178,0.7728748218654072,1.8164522388779247
Mistral,mistralai/Mistral-7B-Instruct-v0.3,all_option_ends,21,corrupt_wrong_wrapped,0.2274589443026663,0.7725410548266882,1.8256494301293666
Mistral,mistralai/Mistral-7B-Instruct-v0.3,all_option_ends,21,vanilla_same_item,0.6916577483932413,0.3083422510263821,2.0303902236558495
Mistral,mistralai/Mistral-7B-Instruct-v0.3,all_option_ends,22,clean_correct_wrapped,0.17998905649615043,0.8200109435325915,1.4070756195423504
Mistral,mistralai/Mistral-7B-Instruct-v0.3,all_option_ends,22,corrupt_wrong_wrapped,0.18454854064217946,0.8154514587050653,1.4200252805215616
Mistral,mistralai/Mistral-7B-Instruct-v0.3,all_option_ends,22,vanilla_same_item,0.7235220965747906,0.2764779029915614,1.640770960066778
Mistral,mistralai/Mistral-7B-Instruct-v0.3,all_option_ends,23,clean_correct_wrapped,0.20191840678605874,0.7980815930450141,1.6276115049095825
Mistral,mistralai/Mistral-7B-Instruct-v0.3,all_option_ends,23,corrupt_wrong_wrapped,0.2051099963718735,0.7948900044010953,1.6340623508067802
Mistral,mistralai/Mistral-7B-Instruct-v0.3,all_option_ends,23,vanilla_same_item,0.7169681034771376,0.28303189744222135,1.7936200658759722
Mistral,mistralai/Mistral-7B-Instruct-v0.3,all_option_ends,24,clean_correct_wrapped,0.18656468064699638,0.8134353203664069,1.6068588450795505
Mistral,mistralai/Mistral-7B-Instruct-v0.3,all_option_ends,24,corrupt_wrong_wrapped,0.19343130230697217,0.8065686973011937,1.6152188168093562
Mistral,mistralai/Mistral-7B-Instruct-v0.3,all_option_ends,24,vanilla_same_item,0.6857127522326194,0.31428724837877475,1.790113840320458
Mistral,mistralai/Mistral-7B-Instruct-v0.3,all_option_ends,25,clean_correct_wrapped,0.18586910568090892,0.8141308941878378,1.4915301807193706
Mistral,mistralai/Mistral-7B-Instruct-v0.3,all_option_ends,25,corrupt_wrong_wrapped,0.19128433504966894,0.8087156644497857,1.5041823098711513
Mistral,mistralai/Mistral-7B-Instruct-v0.3,all_option_ends,25,vanilla_same_item,0.6920734113087756,0.3079265889064603,1.727259937962517
Mistral,mistralai/Mistral-7B-Instruct-v0.3,all_option_ends,26,clean_correct_wrapped,0.2378029256486936,0.7621970730258424,1.8083164590752374
Mistral,mistralai/Mistral-7B-Instruct-v0.3,all_option_ends,26,corrupt_wrong_wrapped,0.24096697096412953,0.7590330294542218,1.8156564096625274
Mistral,mistralai/Mistral-7B-Instruct-v0.3,all_option_ends,26,vanilla_same_item,0.7277169814832242,0.27228301835944874,1.933210815951849
Mistral,mistralai/Mistral-7B-Instruct-v0.3,all_option_ends,27,clean_correct_wrapped,0.22452092936273388,0.7754790716333082,1.7193961023166775
Mistral,mistralai/Mistral-7B-Instruct-v0.3,all_option_ends,27,corrupt_wrong_wrapped,0.2288758442505196,0.7711241565210366,1.7338680889705818
Mistral,mistralai/Mistral-7B-Instruct-v0.3,all_option_ends,27,vanilla_same_item,0.7388356647018713,0.2611643346514514,1.784555389797315
Mistral,mistralai/Mistral-7B-Instruct-v0.3,all_option_ends,28,clean_correct_wrapped,0.28934284210661104,0.7106571577457362,2.101144050639123
Mistral,mistralai/Mistral-7B-Instruct-v0.3,all_option_ends,28,corrupt_wrong_wrapped,0.29010685239918216,0.7098931474054068,2.106341252598601
Mistral,mistralai/Mistral-7B-Instruct-v0.3,all_option_ends,28,vanilla_same_item,0.7055498031191372,0.29445019662516037,2.227938732067123
Mistral,mistralai/Mistral-7B-Instruct-v0.3,all_option_ends,29,clean_correct_wrapped,0.2977886616530536,0.7022113388569172,1.9175323181273416
Mistral,mistralai/Mistral-7B-Instruct-v0.3,all_option_ends,29,corrupt_wrong_wrapped,0.2951944498227359,0.7048055504265115,1.9066022556577809
Mistral,mistralai/Mistral-7B-Instruct-v0.3,all_option_ends,29,vanilla_same_item,0.7424551509510995,0.25754484889281837,2.096001124669177
Mistral,mistralai/Mistral-7B-Instruct-v0.3,all_option_ends,30,clean_correct_wrapped,0.36718213234573016,0.6328178673566921,2.203499064578985
Mistral,mistralai/Mistral-7B-Instruct-v0.3,all_option_ends,30,corrupt_wrong_wrapped,0.36353736122606095,0.636462638186055,2.2188660394866018
Mistral,mistralai/Mistral-7B-Instruct-v0.3,all_option_ends,30,vanilla_same_item,0.7349635131480325,0.2650364867246147,2.333835694628457
Mistral,mistralai/Mistral-7B-Instruct-v0.3,all_option_ends,31,clean_correct_wrapped,0.42489390078420153,0.5751060994642709,2.699182732862731
Mistral,mistralai/Mistral-7B-Instruct-v0.3,all_option_ends,31,corrupt_wrong_wrapped,0.4172111438356107,0.5827888556580789,2.6989218203164635
Mistral,mistralai/Mistral-7B-Instruct-v0.3,all_option_ends,31,vanilla_same_item,0.6874084404091351,0.3125915594562442,2.765009933890154
Mistral,mistralai/Mistral-7B-Instruct-v0.3,options_end,0,clean_correct_wrapped,0.6550442822075944,0.3449557177360284,3.742454449117261
Mistral,mistralai/Mistral-7B-Instruct-v0.3,options_end,0,corrupt_wrong_wrapped,0.6247764097257321,0.3752235900347048,3.7910581263923087
Mistral,mistralai/Mistral-7B-Instruct-v0.3,options_end,0,vanilla_same_item,0.6994359539806522,0.3005640458865579,3.465484119890801
Mistral,mistralai/Mistral-7B-Instruct-v0.3,options_end,1,clean_correct_wrapped,0.25443295691362927,0.7455670430189351,1.1424234205955872
Mistral,mistralai/Mistral-7B-Instruct-v0.3,options_end,1,corrupt_wrong_wrapped,0.25467908000034045,0.7453209194667633,1.1598451259514937
Mistral,mistralai/Mistral-7B-Instruct-v0.3,options_end,1,vanilla_same_item,0.8879580581012356,0.11204194088852773,1.1171664959758831
Mistral,mistralai/Mistral-7B-Instruct-v0.3,options_end,2,clean_correct_wrapped,0.15964466454073653,0.8403553346396074,1.2481967771037792
Mistral,mistralai/Mistral-7B-Instruct-v0.3,options_end,2,corrupt_wrong_wrapped,0.16914177749638792,0.8308582230948317,1.256892215036011
Mistral,mistralai/Mistral-7B-Instruct-v0.3,options_end,2,vanilla_same_item,0.7491722752519002,0.2508277245782817,1.453035973859951
Mistral,mistralai/Mistral-7B-Instruct-v0.3,options_end,3,clean_correct_wrapped,0.18682100347663494,0.8131789957188691,1.277337632564207
Mistral,mistralai/Mistral-7B-Instruct-v0.3,options_end,3,corrupt_wrong_wrapped,0.19430718328511892,0.8056928167054086,1.2755094612855464
Mistral,mistralai/Mistral-7B-Instruct-v0.3,options_end,3,vanilla_same_item,0.7519148204872143,0.24808517936612284,1.5128675425611435
Mistral,mistralai/Mistral-7B-Instruct-v0.3,options_end,4,clean_correct_wrapped,0.21454395995395203,0.785456039919518,1.6525478309315318
Mistral,mistralai/Mistral-7B-Instruct-v0.3,options_end,4,corrupt_wrong_wrapped,0.2240752908754421,0.7759247097014303,1.663693231351984
Mistral,mistralai/Mistral-7B-Instruct-v0.3,options_end,4,vanilla_same_item,0.7622770250752969,0.23772297491950062,1.7646101405813048
Mistral,mistralai/Mistral-7B-Instruct-v0.3,options_end,5,clean_correct_wrapped,0.25601927170975514,0.7439807286982735,1.6751539068327597
Mistral,mistralai/Mistral-7B-Instruct-v0.3,options_end,5,corrupt_wrong_wrapped,0.26272685038199983,0.7372731497630715,1.6772387041989714
Mistral,mistralai/Mistral-7B-Instruct-v0.3,options_end,5,vanilla_same_item,0.7614553159118498,0.23854468392770892,1.8326713395739596
Mistral,mistralai/Mistral-7B-Instruct-v0.3,options_end,6,clean_correct_wrapped,0.2785004392071562,0.7214995608771763,1.9406186582427472
Mistral,mistralai/Mistral-7B-Instruct-v0.3,options_end,6,corrupt_wrong_wrapped,0.28377616405432243,0.7162238350123092,1.9584081995409603
Mistral,mistralai/Mistral-7B-Instruct-v0.3,options_end,6,vanilla_same_item,0.7406313553392452,0.25936864426747586,2.0378241317532955
Mistral,mistralai/Mistral-7B-Instruct-v0.3,options_end,7,clean_correct_wrapped,0.345298897138927,0.6547011024387333,2.0737565554049797
Mistral,mistralai/Mistral-7B-Instruct-v0.3,options_end,7,corrupt_wrong_wrapped,0.3463796135342767,0.6536203873978739,2.075716274503308
Mistral,mistralai/Mistral-7B-Instruct-v0.3,options_end,7,vanilla_same_item,0.7733005974472469,0.2266994027849326,2.144670788884784
Mistral,mistralai/Mistral-7B-Instruct-v0.3,options_end,8,clean_correct_wrapped,0.3949546923638725,0.6050453084243539,2.345336577144141
Mistral,mistralai/Mistral-7B-Instruct-v0.3,options_end,8,corrupt_wrong_wrapped,0.39038917822313396,0.6096108222798345,2.3507532501717407
Mistral,mistralai/Mistral-7B-Instruct-v0.3,options_end,8,vanilla_same_item,0.7427703058177141,0.2572296945710938,2.3837160646294553
Mistral,mistralai/Mistral-7B-Instruct-v0.3,options_end,9,clean_correct_wrapped,0.398514166346653,0.6014858339448498,2.3327179800719025
Mistral,mistralai/Mistral-7B-Instruct-v0.3,options_end,9,corrupt_wrong_wrapped,0.3954951873813946,0.6045048122866804,2.3446506201662123
Mistral,mistralai/Mistral-7B-Instruct-v0.3,options_end,9,vanilla_same_item,0.750071445005661,0.24992855528801253,2.3837611157322924
Mistral,mistralai/Mistral-7B-Instruct-v0.3,options_end,10,clean_correct_wrapped,0.4426896959536233,0.5573103033772592,2.6088467962046464
Mistral,mistralai/Mistral-7B-Instruct-v0.3,options_end,10,corrupt_wrong_wrapped,0.4376189135362207,0.5623810864920961,2.6222300557854274
Mistral,mistralai/Mistral-7B-Instruct-v0.3,options_end,10,vanilla_same_item,0.6791847828597016,0.32081521700223675,2.562656485568732
Mistral,mistralai/Mistral-7B-Instruct-v0.3,options_end,11,clean_correct_wrapped,0.418094513171678,0.5819054868972064,2.359105322615554
Mistral,mistralai/Mistral-7B-Instruct-v0.3,options_end,11,corrupt_wrong_wrapped,0.41774622403151584,0.5822537761134421,2.3728451721401265
Mistral,mistralai/Mistral-7B-Instruct-v0.3,options_end,11,vanilla_same_item,0.7125090086305577,0.2874909915901541,2.4189121013569337
Mistral,mistralai/Mistral-7B-Instruct-v0.3,options_end,12,clean_correct_wrapped,0.4167953028434063,0.5832046973550556,2.4078208150493445
Mistral,mistralai/Mistral-7B-Instruct-v0.3,options_end,12,corrupt_wrong_wrapped,0.41269862050589895,0.5873013795590762,2.4104630362065897
Mistral,mistralai/Mistral-7B-Instruct-v0.3,options_end,12,vanilla_same_item,0.6959306442920125,0.3040693553194656,2.4104589223621105
Mistral,mistralai/Mistral-7B-Instruct-v0.3,options_end,13,clean_correct_wrapped,0.49786697997951523,0.5021330203832379,2.7995265799046805
Mistral,mistralai/Mistral-7B-Instruct-v0.3,options_end,13,corrupt_wrong_wrapped,0.4908088928800486,0.5091911067127513,2.8201006344581643
Mistral,mistralai/Mistral-7B-Instruct-v0.3,options_end,13,vanilla_same_item,0.6669535624500381,0.33304643743962514,2.7493768532387914
Mistral,mistralai/Mistral-7B-Instruct-v0.3,options_end,14,clean_correct_wrapped,0.41263242617661433,0.5873675736291898,2.428544888200704
Mistral,mistralai/Mistral-7B-Instruct-v0.3,options_end,14,corrupt_wrong_wrapped,0.40728820006617344,0.5927118003682821,2.446565546900965
Mistral,mistralai/Mistral-7B-Instruct-v0.3,options_end,14,vanilla_same_item,0.6655094727743812,0.33449052729877926,2.464386559599855
Mistral,mistralai/Mistral-7B-Instruct-v0.3,options_end,15,clean_correct_wrapped,0.3523184983267874,0.6476815026904948,2.1989890795002673
Mistral,mistralai/Mistral-7B-Instruct-v0.3,options_end,15,corrupt_wrong_wrapped,0.34707828684484043,0.6529217137910021,2.2092572133386663
Mistral,mistralai/Mistral-7B-Instruct-v0.3,options_end,15,vanilla_same_item,0.7110826710063701,0.28891732860469044,2.260606732221883
Mistral,mistralai/Mistral-7B-Instruct-v0.3,options_end,16,clean_correct_wrapped,0.31978386314479806,0.6802161368688515,2.3112325459563485
Mistral,mistralai/Mistral-7B-Instruct-v0.3,options_end,16,corrupt_wrong_wrapped,0.30743409436190733,0.6925659048669331,2.32530177686053
Mistral,mistralai/Mistral-7B-Instruct-v0.3,options_end,16,vanilla_same_item,0.6814857191747867,0.31851428119751896,2.2840194040785233
Mistral,mistralai/Mistral-7B-Instruct-v0.3,options_end,17,clean_correct_wrapped,0.3251548874944162,0.6748451127646937,2.2985146675802146
Mistral,mistralai/Mistral-7B-Instruct-v0.3,options_end,17,corrupt_wrong_wrapped,0.31573830862892505,0.684261691710805,2.329331744480878
Mistral,mistralai/Mistral-7B-Instruct-v0.3,options_end,17,vanilla_same_item,0.5964561044480908,0.4035438959116679,2.207034616104017
Mistral,mistralai/Mistral-7B-Instruct-v0.3,options_end,18,clean_correct_wrapped,0.30197506365474974,0.6980249366609012,2.083746802295888
Mistral,mistralai/Mistral-7B-Instruct-v0.3,options_end,18,corrupt_wrong_wrapped,0.29687948692711,0.7031205133998052,2.1090014763396177
Mistral,mistralai/Mistral-7B-Instruct-v0.3,options_end,18,vanilla_same_item,0.6964520506469889,0.3035479480381279,2.0314349432960928
Mistral,mistralai/Mistral-7B-Instruct-v0.3,options_end,19,clean_correct_wrapped,0.250043564316162,0.7499564347523847,1.993613112240564
Mistral,mistralai/Mistral-7B-Instruct-v0.3,options_end,19,corrupt_wrong_wrapped,0.2489137922721193,0.7510862078786886,2.0193736528783726
Mistral,mistralai/Mistral-7B-Instruct-v0.3,options_end,19,vanilla_same_item,0.658304611108657,0.34169538893998835,2.010256958475026
Mistral,mistralai/Mistral-7B-Instruct-v0.3,options_end,20,clean_correct_wrapped,0.23657596072718537,0.7634240399430079,1.7667802120380414
Mistral,mistralai/Mistral-7B-Instruct-v0.3,options_end,20,corrupt_wrong_wrapped,0.2364229366942546,0.7635770644820998,1.783578318565463
Mistral,mistralai/Mistral-7B-Instruct-v0.3,options_end,20,vanilla_same_item,0.7034336414582697,0.296566358687099,1.8030200300132855
Mistral,mistralai/Mistral-7B-Instruct-v0.3,options_end,21,clean_correct_wrapped,0.21174466847480458,0.7882553311305431,1.629161543685283
Mistral,mistralai/Mistral-7B-Instruct-v0.3,options_end,21,corrupt_wrong_wrapped,0.21256111487370277,0.7874388851132972,1.6438207071066913
Mistral,mistralai/Mistral-7B-Instruct-v0.3,options_end,21,vanilla_same_item,0.676000712498179,0.3239992876938292,1.804639188249906
Mistral,mistralai/Mistral-7B-Instruct-v0.3,options_end,22,clean_correct_wrapped,0.17479673185223926,0.825203267649534,1.300578882098974
Mistral,mistralai/Mistral-7B-Instruct-v0.3,options_end,22,corrupt_wrong_wrapped,0.1791219573431733,0.8208780418417003,1.3088511847972404
Mistral,mistralai/Mistral-7B-Instruct-v0.3,options_end,22,vanilla_same_item,0.7174525515198958,0.28254744804648607,1.4886151453930263
Mistral,mistralai/Mistral-7B-Instruct-v0.3,options_end,23,clean_correct_wrapped,0.1898271146000512,0.810172885664797,1.4521126162206444
Mistral,mistralai/Mistral-7B-Instruct-v0.3,options_end,23,corrupt_wrong_wrapped,0.19224116726447035,0.8077588334898368,1.447004015240042
Mistral,mistralai/Mistral-7B-Instruct-v0.3,options_end,23,vanilla_same_item,0.7197653946750157,0.2802346044292305,1.5602563387636716
Mistral,mistralai/Mistral-7B-Instruct-v0.3,options_end,24,clean_correct_wrapped,0.17564980877235034,0.8243501909429809,1.4398453861595286
Mistral,mistralai/Mistral-7B-Instruct-v0.3,options_end,24,corrupt_wrong_wrapped,0.1842701556769293,0.8157298449424434,1.4487211786959475
Mistral,mistralai/Mistral-7B-Instruct-v0.3,options_end,24,vanilla_same_item,0.6815808744203554,0.31841912547077905,1.6050242863432505
Mistral,mistralai/Mistral-7B-Instruct-v0.3,options_end,25,clean_correct_wrapped,0.17450512010111255,0.8254948790460185,1.3800685622139524
Mistral,mistralai/Mistral-7B-Instruct-v0.3,options_end,25,corrupt_wrong_wrapped,0.18105516260840132,0.81894483670716,1.3854682845622301
Mistral,mistralai/Mistral-7B-Instruct-v0.3,options_end,25,vanilla_same_item,0.6919233144889839,0.30807668567089425,1.5942092774032304
Mistral,mistralai/Mistral-7B-Instruct-v0.3,options_end,26,clean_correct_wrapped,0.233603372746641,0.7663966273968496,1.7221419285119433
Mistral,mistralai/Mistral-7B-Instruct-v0.3,options_end,26,corrupt_wrong_wrapped,0.2376177497846623,0.7623822500557739,1.7279026824298005
Mistral,mistralai/Mistral-7B-Instruct-v0.3,options_end,26,vanilla_same_item,0.7273242547691143,0.2726757444203152,1.8186946535630462
Mistral,mistralai/Mistral-7B-Instruct-v0.3,options_end,27,clean_correct_wrapped,0.21407997890517275,0.7859200201767089,1.5981349628449728
Mistral,mistralai/Mistral-7B-Instruct-v0.3,options_end,27,corrupt_wrong_wrapped,0.22031229106490519,0.779687708312922,1.6269227887651263
Mistral,mistralai/Mistral-7B-Instruct-v0.3,options_end,27,vanilla_same_item,0.7414084336743486,0.25859156630089275,1.6203905302317192
Mistral,mistralai/Mistral-7B-Instruct-v0.3,options_end,28,clean_correct_wrapped,0.28123338687199473,0.7187666134883329,1.9139171473961323
Mistral,mistralai/Mistral-7B-Instruct-v0.3,options_end,28,corrupt_wrong_wrapped,0.2834064214077037,0.7165935787775621,1.9353920077423876
Mistral,mistralai/Mistral-7B-Instruct-v0.3,options_end,28,vanilla_same_item,0.6852243228267543,0.3147756770662818,1.9583462554433693
Mistral,mistralai/Mistral-7B-Instruct-v0.3,options_end,29,clean_correct_wrapped,0.28347088635316425,0.7165291137158419,1.6860522386627659
Mistral,mistralai/Mistral-7B-Instruct-v0.3,options_end,29,corrupt_wrong_wrapped,0.28359382131404,0.7164061788303813,1.6869391827754832
Mistral,mistralai/Mistral-7B-Instruct-v0.3,options_end,29,vanilla_same_item,0.7300634882966566,0.26993651202593505,1.879155188986527
Mistral,mistralai/Mistral-7B-Instruct-v0.3,options_end,30,clean_correct_wrapped,0.36394117624645655,0.6360588241702742,2.031382680788326
Mistral,mistralai/Mistral-7B-Instruct-v0.3,options_end,30,corrupt_wrong_wrapped,0.36196018459798596,0.6380398154204159,2.041131493585029
Mistral,mistralai/Mistral-7B-Instruct-v0.3,options_end,30,vanilla_same_item,0.7280445626760149,0.2719554370720046,2.0894265681505204
Mistral,mistralai/Mistral-7B-Instruct-v0.3,options_end,31,clean_correct_wrapped,0.4125799143111055,0.5874200857091394,2.47854766242827
Mistral,mistralai/Mistral-7B-Instruct-v0.3,options_end,31,corrupt_wrong_wrapped,0.4073511918569212,0.5926488080942606,2.467276860814697
Mistral,mistralai/Mistral-7B-Instruct-v0.3,options_end,31,vanilla_same_item,0.6755474104431378,0.3244525892986773,2.568037010085148
Phi,microsoft/Phi-3.5-mini-instruct,all_option_ends,0,clean_correct_wrapped,0.6782625730699845,0.32173742783609177,4.25182324661838
Phi,microsoft/Phi-3.5-mini-instruct,all_option_ends,0,corrupt_wrong_wrapped,0.6714685997918796,0.3285314008330509,4.279662448609473
Phi,microsoft/Phi-3.5-mini-instruct,all_option_ends,0,vanilla_same_item,0.8209158424172246,0.17908415830475785,3.9184235983641083
Phi,microsoft/Phi-3.5-mini-instruct,all_option_ends,1,clean_correct_wrapped,0.6500998815866125,0.3499001173045794,3.085778347650458
Phi,microsoft/Phi-3.5-mini-instruct,all_option_ends,1,corrupt_wrong_wrapped,0.6423108333509318,0.35768916747549034,3.099768562171834
Phi,microsoft/Phi-3.5-mini-instruct,all_option_ends,1,vanilla_same_item,0.7384292596737573,0.26157073956994564,2.9198974830056117
Phi,microsoft/Phi-3.5-mini-instruct,all_option_ends,2,clean_correct_wrapped,0.5965037934387812,0.4034962070032896,3.2460582348249964
Phi,microsoft/Phi-3.5-mini-instruct,all_option_ends,2,corrupt_wrong_wrapped,0.5843036928055043,0.4156963080168735,3.250194507679253
Phi,microsoft/Phi-3.5-mini-instruct,all_option_ends,2,vanilla_same_item,0.6811033275873297,0.31889667223387014,3.0892142607393027
Phi,microsoft/Phi-3.5-mini-instruct,all_option_ends,3,clean_correct_wrapped,0.48654582826920506,0.5134541714710532,1.3131409732304746
Phi,microsoft/Phi-3.5-mini-instruct,all_option_ends,3,corrupt_wrong_wrapped,0.46562246617313674,0.5343775337525075,1.3061357375369302
Phi,microsoft/Phi-3.5-mini-instruct,all_option_ends,3,vanilla_same_item,0.9665385862159059,0.03346141374072259,1.2396895666494279
Phi,microsoft/Phi-3.5-mini-instruct,all_option_ends,4,clean_correct_wrapped,0.47465338182173117,0.5253466187789881,1.291485731721905
Phi,microsoft/Phi-3.5-mini-instruct,all_option_ends,4,corrupt_wrong_wrapped,0.4537163677728074,0.5462836323610885,1.2925988636358825
Phi,microsoft/Phi-3.5-mini-instruct,all_option_ends,4,vanilla_same_item,0.9688534738035549,0.031146525915689283,1.2014518809126897
Phi,microsoft/Phi-3.5-mini-instruct,all_option_ends,5,clean_correct_wrapped,0.3602687612700506,0.6397312400023373,1.3241166087620624
Phi,microsoft/Phi-3.5-mini-instruct,all_option_ends,5,corrupt_wrong_wrapped,0.35037914583374385,0.6496208537566028,1.3385461874439153
Phi,microsoft/Phi-3.5-mini-instruct,all_option_ends,5,vanilla_same_item,0.9706747738481367,0.029325226902318664,1.2267006928580513
Phi,microsoft/Phi-3.5-mini-instruct,all_option_ends,6,clean_correct_wrapped,0.2840945002110879,0.7159054990612125,1.4458735946543377
Phi,microsoft/Phi-3.5-mini-instruct,all_option_ends,6,corrupt_wrong_wrapped,0.2834346346986055,0.7165653660721228,1.466716172271073
Phi,microsoft/Phi-3.5-mini-instruct,all_option_ends,6,vanilla_same_item,0.9523997636228706,0.047600237307650006,1.336624280194497
Phi,microsoft/Phi-3.5-mini-instruct,all_option_ends,7,clean_correct_wrapped,0.26742295384631054,0.7325770463020813,1.4939171336016883
Phi,microsoft/Phi-3.5-mini-instruct,all_option_ends,7,corrupt_wrong_wrapped,0.2689168444833604,0.7310831541303453,1.5080267263725877
Phi,microsoft/Phi-3.5-mini-instruct,all_option_ends,7,vanilla_same_item,0.9577966309820417,0.04220336914318481,1.371785218037875
Phi,microsoft/Phi-3.5-mini-instruct,all_option_ends,8,clean_correct_wrapped,0.22514165032835193,0.7748583488820521,1.4519690699004666
Phi,microsoft/Phi-3.5-mini-instruct,all_option_ends,8,corrupt_wrong_wrapped,0.23443679065654474,0.765563208489608,1.4715399056127132
Phi,microsoft/Phi-3.5-mini-instruct,all_option_ends,8,vanilla_same_item,0.9484357252089504,0.051564274231487024,1.3375997202811325
Phi,microsoft/Phi-3.5-mini-instruct,all_option_ends,9,clean_correct_wrapped,0.3084129634879975,0.6915870362049593,1.8146029824345147
Phi,microsoft/Phi-3.5-mini-instruct,all_option_ends,9,corrupt_wrong_wrapped,0.31545274583572286,0.6845472543582175,1.8236150155170243
Phi,microsoft/Phi-3.5-mini-instruct,all_option_ends,9,vanilla_same_item,0.9316464915864208,0.06835350862329195,1.6623013987233262
Phi,microsoft/Phi-3.5-mini-instruct,all_option_ends,10,clean_correct_wrapped,0.2983671775612109,0.7016328226994905,1.8554829851161134
Phi,microsoft/Phi-3.5-mini-instruct,all_option_ends,10,corrupt_wrong_wrapped,0.30603548653507984,0.693964513393628,1.868261034823218
Phi,microsoft/Phi-3.5-mini-instruct,all_option_ends,10,vanilla_same_item,0.9181897099949344,0.08181028992776575,1.713037871694286
Phi,microsoft/Phi-3.5-mini-instruct,all_option_ends,11,clean_correct_wrapped,0.36775798808285415,0.6322420125858447,2.1938903936568366
Phi,microsoft/Phi-3.5-mini-instruct,all_option_ends,11,corrupt_wrong_wrapped,0.3764812948428891,0.6235187055179019,2.2088020221693143
Phi,microsoft/Phi-3.5-mini-instruct,all_option_ends,11,vanilla_same_item,0.8813959364614505,0.11860406341732717,2.0468118542007825
Phi,microsoft/Phi-3.5-mini-instruct,all_option_ends,12,clean_correct_wrapped,0.3203027662292216,0.6796972331010859,1.8752103235584041
Phi,microsoft/Phi-3.5-mini-instruct,all_option_ends,12,corrupt_wrong_wrapped,0.3310177678739584,0.668982232369527,1.8968452071756914
Phi,microsoft/Phi-3.5-mini-instruct,all_option_ends,12,vanilla_same_item,0.9187195236448706,0.08128047713070129,1.769819449284555
Phi,microsoft/Phi-3.5-mini-instruct,all_option_ends,13,clean_correct_wrapped,0.3781737182623651,0.6218262818212859,2.2384295534600716
Phi,microsoft/Phi-3.5-mini-instruct,all_option_ends,13,corrupt_wrong_wrapped,0.3848286240215313,0.6151713752421294,2.2425741360092974
Phi,microsoft/Phi-3.5-mini-instruct,all_option_ends,13,vanilla_same_item,0.8923679186743495,0.10763208115792905,2.102221176465581
Phi,microsoft/Phi-3.5-mini-instruct,all_option_ends,14,clean_correct_wrapped,0.4119817246769999,0.5880182754214426,2.4607212999130064
Phi,microsoft/Phi-3.5-mini-instruct,all_option_ends,14,corrupt_wrong_wrapped,0.4197048753480954,0.5802951236399952,2.4788852917924733
Phi,microsoft/Phi-3.5-mini-instruct,all_option_ends,14,vanilla_same_item,0.8636155945234975,0.13638440544840788,2.331359162061055
Phi,microsoft/Phi-3.5-mini-instruct,all_option_ends,15,clean_correct_wrapped,0.4181046608245093,0.5818953389183779,2.4606117881185403
Phi,microsoft/Phi-3.5-mini-instruct,all_option_ends,15,corrupt_wrong_wrapped,0.4250168698077514,0.5749831291577445,2.47486897641934
Phi,microsoft/Phi-3.5-mini-instruct,all_option_ends,15,vanilla_same_item,0.8819077705689304,0.11809223035827403,2.3624381907601757
Phi,microsoft/Phi-3.5-mini-instruct,all_option_ends,16,clean_correct_wrapped,0.3309614165312259,0.6690385838438405,2.1687814581135614
Phi,microsoft/Phi-3.5-mini-instruct,all_option_ends,16,corrupt_wrong_wrapped,0.34369867421368394,0.656301325226278,2.195072172565922
Phi,microsoft/Phi-3.5-mini-instruct,all_option_ends,16,vanilla_same_item,0.8771925935932445,0.1228074063750455,2.0431581041749185
Phi,microsoft/Phi-3.5-mini-instruct,all_option_ends,17,clean_correct_wrapped,0.3035472880082551,0.696452711883136,1.981160843838359
Phi,microsoft/Phi-3.5-mini-instruct,all_option_ends,17,corrupt_wrong_wrapped,0.3163951779376381,0.6836048220778442,2.0013520611824016
Phi,microsoft/Phi-3.5-mini-instruct,all_option_ends,17,vanilla_same_item,0.904952505704076,0.09504749434800412,1.9587168713826968
Phi,microsoft/Phi-3.5-mini-instruct,all_option_ends,18,clean_correct_wrapped,0.2779096981909559,0.72209030156571,1.9891827147957608
Phi,microsoft/Phi-3.5-mini-instruct,all_option_ends,18,corrupt_wrong_wrapped,0.2881179355124845,0.7118820635461272,2.002739230786877
Phi,microsoft/Phi-3.5-mini-instruct,all_option_ends,18,vanilla_same_item,0.8768634869557052,0.12313651403069878,1.9100024857911966
Phi,microsoft/Phi-3.5-mini-instruct,all_option_ends,19,clean_correct_wrapped,0.22877885740498116,0.7712211424960432,1.8601585266248246
Phi,microsoft/Phi-3.5-mini-instruct,all_option_ends,19,corrupt_wrong_wrapped,0.24043229594599094,0.7595677045717263,1.8770740691979881
Phi,microsoft/Phi-3.5-mini-instruct,all_option_ends,19,vanilla_same_item,0.8736827035573863,0.12631729603042735,1.7814160005200943
Phi,microsoft/Phi-3.5-mini-instruct,all_option_ends,20,clean_correct_wrapped,0.17641859924757655,0.8235814014827494,1.469662226348715
Phi,microsoft/Phi-3.5-mini-instruct,all_option_ends,20,corrupt_wrong_wrapped,0.18815191186648458,0.8118480870414053,1.4773996384961223
Phi,microsoft/Phi-3.5-mini-instruct,all_option_ends,20,vanilla_same_item,0.8997477165590566,0.10025228277845599,1.435612214513998
Phi,microsoft/Phi-3.5-mini-instruct,all_option_ends,21,clean_correct_wrapped,0.18142146003229379,0.818578539833156,1.6107402957056889
Phi,microsoft/Phi-3.5-mini-instruct,all_option_ends,21,corrupt_wrong_wrapped,0.19311964903281215,0.8068803510156861,1.621558051701868
Phi,microsoft/Phi-3.5-mini-instruct,all_option_ends,21,vanilla_same_item,0.8829948470972695,0.11700515444514041,1.5705445386565495
Phi,microsoft/Phi-3.5-mini-instruct,all_option_ends,22,clean_correct_wrapped,0.14648983432652823,0.8535101660478766,1.2442267288702582
Phi,microsoft/Phi-3.5-mini-instruct,all_option_ends,22,corrupt_wrong_wrapped,0.15961476553877157,0.840385234418632,1.2602712069587363
Phi,microsoft/Phi-3.5-mini-instruct,all_option_ends,22,vanilla_same_item,0.9225633373333334,0.0774366623765568,1.2765343548689447
Phi,microsoft/Phi-3.5-mini-instruct,all_option_ends,23,clean_correct_wrapped,0.12552692839562282,0.8744730709634799,1.246262202232284
Phi,microsoft/Phi-3.5-mini-instruct,all_option_ends,23,corrupt_wrong_wrapped,0.13882979932487557,0.86117020015402,1.2538426566122023
Phi,microsoft/Phi-3.5-mini-instruct,all_option_ends,23,vanilla_same_item,0.8992212369067295,0.10077876231008961,1.1836202281410806
Phi,microsoft/Phi-3.5-mini-instruct,all_option_ends,24,clean_correct_wrapped,0.14042404886643137,0.8595759529752093,1.2383217506377895
Phi,microsoft/Phi-3.5-mini-instruct,all_option_ends,24,corrupt_wrong_wrapped,0.1541566980913143,0.8458433021316151,1.2477334464662515
Phi,microsoft/Phi-3.5-mini-instruct,all_option_ends,24,vanilla_same_item,0.9251241649369294,0.07487583415890715,1.188427735160186
Phi,microsoft/Phi-3.5-mini-instruct,all_option_ends,25,clean_correct_wrapped,0.13539846508220035,0.8646015344596284,1.2901608570360676
Phi,microsoft/Phi-3.5-mini-instruct,all_option_ends,25,corrupt_wrong_wrapped,0.14895244086494758,0.8510475589716793,1.292558146940516
Phi,microsoft/Phi-3.5-mini-instruct,all_option_ends,25,vanilla_same_item,0.9135743573352151,0.08642564221667233,1.1307882546433106
Phi,microsoft/Phi-3.5-mini-instruct,all_option_ends,26,clean_correct_wrapped,0.15965158974120455,0.8403484105334492,1.3570998342344838
Phi,microsoft/Phi-3.5-mini-instruct,all_option_ends,26,corrupt_wrong_wrapped,0.1717954008293718,0.8282045984937467,1.3583744398292215
Phi,microsoft/Phi-3.5-mini-instruct,all_option_ends,26,vanilla_same_item,0.9041450551649318,0.09585494496598405,1.3191193486006039
Phi,microsoft/Phi-3.5-mini-instruct,all_option_ends,27,clean_correct_wrapped,0.15321844182375746,0.8467815577875599,1.3791861457178707
Phi,microsoft/Phi-3.5-mini-instruct,all_option_ends,27,corrupt_wrong_wrapped,0.1666188990674557,0.8333811008628387,1.3847107137694503
Phi,microsoft/Phi-3.5-mini-instruct,all_option_ends,27,vanilla_same_item,0.9056747671842376,0.09432523342506598,1.2950848925763487
Phi,microsoft/Phi-3.5-mini-instruct,all_option_ends,28,clean_correct_wrapped,0.19668948533462755,0.8033105148676206,1.6637257345820686
Phi,microsoft/Phi-3.5-mini-instruct,all_option_ends,28,corrupt_wrong_wrapped,0.21227499400730251,0.7877250056447933,1.6714148434182403
Phi,microsoft/Phi-3.5-mini-instruct,all_option_ends,28,vanilla_same_item,0.8536083432105479,0.14639165679529131,1.5354486773444065
Phi,microsoft/Phi-3.5-mini-instruct,all_option_ends,29,clean_correct_wrapped,0.2566663896855972,0.7433336092257047,1.8661771631132895
Phi,microsoft/Phi-3.5-mini-instruct,all_option_ends,29,corrupt_wrong_wrapped,0.27076240979534516,0.7292375901423783,1.8814641900826246
Phi,microsoft/Phi-3.5-mini-instruct,all_option_ends,29,vanilla_same_item,0.8758392942447264,0.12416070513076206,1.7934530340046904
Phi,microsoft/Phi-3.5-mini-instruct,all_option_ends,30,clean_correct_wrapped,0.24951685102766052,0.7504831489439822,1.9209661148135748
Phi,microsoft/Phi-3.5-mini-instruct,all_option_ends,30,corrupt_wrong_wrapped,0.2672231393650908,0.7327768608419678,1.9309438769449834
Phi,microsoft/Phi-3.5-mini-instruct,all_option_ends,30,vanilla_same_item,0.8427189433416244,0.15728105713802853,1.6836353098253973
Phi,microsoft/Phi-3.5-mini-instruct,all_option_ends,31,clean_correct_wrapped,0.33853041677921725,0.6614695847169917,2.075297269949012
Phi,microsoft/Phi-3.5-mini-instruct,all_option_ends,31,corrupt_wrong_wrapped,0.34970602020761643,0.6502939790546021,2.0790232052015862
Phi,microsoft/Phi-3.5-mini-instruct,all_option_ends,31,vanilla_same_item,0.8835673801470455,0.11643261903223372,2.01034422253195
Phi,microsoft/Phi-3.5-mini-instruct,options_end,0,clean_correct_wrapped,0.6680028823829501,0.33199711712750496,4.138203714661248
Phi,microsoft/Phi-3.5-mini-instruct,options_end,0,corrupt_wrong_wrapped,0.6614689929148834,0.3385310068086056,4.166038341251723
Phi,microsoft/Phi-3.5-mini-instruct,options_end,0,vanilla_same_item,0.7832938010325368,0.2167061986216248,3.795359399584854
Phi,microsoft/Phi-3.5-mini-instruct,options_end,1,clean_correct_wrapped,0.6444582776242815,0.3555417227915384,2.734741513062049
Phi,microsoft/Phi-3.5-mini-instruct,options_end,1,corrupt_wrong_wrapped,0.6372981074651047,0.3627018924080024,2.74885082561752
Phi,microsoft/Phi-3.5-mini-instruct,options_end,1,vanilla_same_item,0.7155196820008921,0.2844803184783918,2.6062429603813198
Phi,microsoft/Phi-3.5-mini-instruct,options_end,2,clean_correct_wrapped,0.598272199448929,0.4017278004442639,2.9831053155913567
Phi,microsoft/Phi-3.5-mini-instruct,options_end,2,corrupt_wrong_wrapped,0.5854748040355747,0.41452519666343807,2.990444800710644
Phi,microsoft/Phi-3.5-mini-instruct,options_end,2,vanilla_same_item,0.6666498813868714,0.3333501189971974,2.8815064359796727
Phi,microsoft/Phi-3.5-mini-instruct,options_end,3,clean_correct_wrapped,0.5048240391120697,0.49517596120127066,1.2281144329449902
Phi,microsoft/Phi-3.5-mini-instruct,options_end,3,corrupt_wrong_wrapped,0.4804839364831194,0.5195160642040919,1.224069919515552
Phi,microsoft/Phi-3.5-mini-instruct,options_end,3,vanilla_same_item,0.9634183470633886,0.03658165411915198,1.1771917153546934
Phi,microsoft/Phi-3.5-mini-instruct,options_end,4,clean_correct_wrapped,0.49365408929965326,0.506345911016841,1.2176036349433024
Phi,microsoft/Phi-3.5-mini-instruct,options_end,4,corrupt_wrong_wrapped,0.4681351922974738,0.5318648074469824,1.21376426204309
Phi,microsoft/Phi-3.5-mini-instruct,options_end,4,vanilla_same_item,0.967193957504881,0.032806043405011434,1.1407810333334552
Phi,microsoft/Phi-3.5-mini-instruct,options_end,5,clean_correct_wrapped,0.37416649887626957,0.625833501033984,1.2367329569319598
Phi,microsoft/Phi-3.5-mini-instruct,options_end,5,corrupt_wrong_wrapped,0.3612058497907872,0.6387941508316015,1.2449345416693398
Phi,microsoft/Phi-3.5-mini-instruct,options_end,5,vanilla_same_item,0.9684813448527787,0.03151865553730007,1.1559660262152895
Phi,microsoft/Phi-3.5-mini-instruct,options_end,6,clean_correct_wrapped,0.2937633089347632,0.7062366904726718,1.383821533688068
Phi,microsoft/Phi-3.5-mini-instruct,options_end,6,corrupt_wrong_wrapped,0.29121158436741834,0.7087884163656764,1.400835634610606
Phi,microsoft/Phi-3.5-mini-instruct,options_end,6,vanilla_same_item,0.9424848257415508,0.05751517421370307,1.2868981269935333
Phi,microsoft/Phi-3.5-mini-instruct,options_end,7,clean_correct_wrapped,0.2773979632500463,0.7226020370805882,1.3912766196250286
Phi,microsoft/Phi-3.5-mini-instruct,options_end,7,corrupt_wrong_wrapped,0.27881984089022055,0.7211801592673417,1.4014492419479265
Phi,microsoft/Phi-3.5-mini-instruct,options_end,7,vanilla_same_item,0.9491000696383223,0.050899930372232234,1.2814832753315766
Phi,microsoft/Phi-3.5-mini-instruct,options_end,8,clean_correct_wrapped,0.23064079819262273,0.7693592021579141,1.3108018306461005
Phi,microsoft/Phi-3.5-mini-instruct,options_end,8,corrupt_wrong_wrapped,0.24166404092483165,0.7583359605461873,1.3302892747491237
Phi,microsoft/Phi-3.5-mini-instruct,options_end,8,vanilla_same_item,0.9343553858146717,0.06564461373147461,1.2115523968238973
Phi,microsoft/Phi-3.5-mini-instruct,options_end,9,clean_correct_wrapped,0.3144763448424999,0.6855236548052138,1.641010098591902
Phi,microsoft/Phi-3.5-mini-instruct,options_end,9,corrupt_wrong_wrapped,0.32225570038978874,0.6777443000056668,1.6463877868106163
Phi,microsoft/Phi-3.5-mini-instruct,options_end,9,vanilla_same_item,0.9098495901714084,0.09015041022388233,1.5081307804159059
Phi,microsoft/Phi-3.5-mini-instruct,options_end,10,clean_correct_wrapped,0.2986404102920651,0.701359590165133,1.6538633833240346
Phi,microsoft/Phi-3.5-mini-instruct,options_end,10,corrupt_wrong_wrapped,0.30599048939808965,0.6940095113727465,1.652464187144796
Phi,microsoft/Phi-3.5-mini-instruct,options_end,10,vanilla_same_item,0.8931815385613122,0.10681846142304606,1.5537915476775301
Phi,microsoft/Phi-3.5-mini-instruct,options_end,11,clean_correct_wrapped,0.3682104453972741,0.6317895542940526,2.0171395836238264
Phi,microsoft/Phi-3.5-mini-instruct,options_end,11,corrupt_wrong_wrapped,0.37680671496637547,0.6231932843999313,2.0282069717947953
Phi,microsoft/Phi-3.5-mini-instruct,options_end,11,vanilla_same_item,0.836638168822988,0.16336183165430554,1.9001586431748254
Phi,microsoft/Phi-3.5-mini-instruct,options_end,12,clean_correct_wrapped,0.321183972645773,0.6788160261261937,1.7049531516500847
Phi,microsoft/Phi-3.5-mini-instruct,options_end,12,corrupt_wrong_wrapped,0.33134337915479417,0.668656620386452,1.7188054080981987
Phi,microsoft/Phi-3.5-mini-instruct,options_end,12,vanilla_same_item,0.8924811290374641,0.10751887168788096,1.6159214081108626
Phi,microsoft/Phi-3.5-mini-instruct,options_end,13,clean_correct_wrapped,0.37259493029502777,0.6274050701032434,2.128812117142126
Phi,microsoft/Phi-3.5-mini-instruct,options_end,13,corrupt_wrong_wrapped,0.377227255392891,0.6227727443368918,2.12639707717455
Phi,microsoft/Phi-3.5-mini-instruct,options_end,13,vanilla_same_item,0.8533714859994787,0.1466285138212369,2.0035548255465954
Phi,microsoft/Phi-3.5-mini-instruct,options_end,14,clean_correct_wrapped,0.4061043853005684,0.5938956149243289,2.2426880507299565
Phi,microsoft/Phi-3.5-mini-instruct,options_end,14,corrupt_wrong_wrapped,0.4139642167510082,0.5860357823613468,2.2598693890860444
Phi,microsoft/Phi-3.5-mini-instruct,options_end,14,vanilla_same_item,0.8228803753490705,0.1771196249062218,2.1359438483605944
Phi,microsoft/Phi-3.5-mini-instruct,options_end,15,clean_correct_wrapped,0.40516169493512677,0.5948383063038235,2.2053293273854777
Phi,microsoft/Phi-3.5-mini-instruct,options_end,15,corrupt_wrong_wrapped,0.4108658280858027,0.5891341725829548,2.2163003848593994
Phi,microsoft/Phi-3.5-mini-instruct,options_end,15,vanilla_same_item,0.8487100210815179,0.1512899791404455,2.143286003777052
Phi,microsoft/Phi-3.5-mini-instruct,options_end,16,clean_correct_wrapped,0.3221440304515466,0.6778559684313278,1.9854160684110618
Phi,microsoft/Phi-3.5-mini-instruct,options_end,16,corrupt_wrong_wrapped,0.33420365150001874,0.6657963486232857,2.008447966522936
Phi,microsoft/Phi-3.5-mini-instruct,options_end,16,vanilla_same_item,0.8379033335839544,0.16209666664714417,1.885254174895994
Phi,microsoft/Phi-3.5-mini-instruct,options_end,17,clean_correct_wrapped,0.2897611592102575,0.710238841469673,1.7698614181373904
Phi,microsoft/Phi-3.5-mini-instruct,options_end,17,corrupt_wrong_wrapped,0.30005826367422755,0.699941735944976,1.7849320673104199
Phi,microsoft/Phi-3.5-mini-instruct,options_end,17,vanilla_same_item,0.8811490660101751,0.11885093419669454,1.7644597087469953
Phi,microsoft/Phi-3.5-mini-instruct,options_end,18,clean_correct_wrapped,0.2574022743177528,0.7425977258246182,1.7375818486448913
Phi,microsoft/Phi-3.5-mini-instruct,options_end,18,corrupt_wrong_wrapped,0.2655871647649853,0.7344128360328748,1.7510194548658822
Phi,microsoft/Phi-3.5-mini-instruct,options_end,18,vanilla_same_item,0.8567161555511678,0.14328384464006272,1.6578981188382993
Phi,microsoft/Phi-3.5-mini-instruct,options_end,19,clean_correct_wrapped,0.21258850481224434,0.7874114958476914,1.7142297770073074
Phi,microsoft/Phi-3.5-mini-instruct,options_end,19,corrupt_wrong_wrapped,0.22256010006194427,0.7774399005502621,1.7146552623894284
Phi,microsoft/Phi-3.5-mini-instruct,options_end,19,vanilla_same_item,0.845011690985506,0.15498830874771238,1.6395203338909072
Phi,microsoft/Phi-3.5-mini-instruct,options_end,20,clean_correct_wrapped,0.16380644492304272,0.8361935557933293,1.2992098854747107
Phi,microsoft/Phi-3.5-mini-instruct,options_end,20,corrupt_wrong_wrapped,0.1718677671547426,0.828132233522643,1.2889420290961093
Phi,microsoft/Phi-3.5-mini-instruct,options_end,20,vanilla_same_item,0.8843369470414638,0.11566305246875193,1.2595317906135195
Phi,microsoft/Phi-3.5-mini-instruct,options_end,21,clean_correct_wrapped,0.16607006795558532,0.8339299325173215,1.4381871657391125
Phi,microsoft/Phi-3.5-mini-instruct,options_end,21,corrupt_wrong_wrapped,0.1752958593756362,0.8247041411310991,1.43564813522635
Phi,microsoft/Phi-3.5-mini-instruct,options_end,21,vanilla_same_item,0.8637813980334088,0.13621860216549964,1.3761829424366816
Phi,microsoft/Phi-3.5-mini-instruct,options_end,22,clean_correct_wrapped,0.135936150675343,0.8640638494554084,1.1395973123704386
Phi,microsoft/Phi-3.5-mini-instruct,options_end,22,corrupt_wrong_wrapped,0.14770027676898353,0.8522997232870088,1.1393640183635976
Phi,microsoft/Phi-3.5-mini-instruct,options_end,22,vanilla_same_item,0.8988609332990851,0.10113906714090744,1.15942383490498
Phi,microsoft/Phi-3.5-mini-instruct,options_end,23,clean_correct_wrapped,0.11462983354025466,0.8853701657754189,1.0702496119095788
Phi,microsoft/Phi-3.5-mini-instruct,options_end,23,corrupt_wrong_wrapped,0.12749539949560637,0.8725046012225642,1.0692612423447303
Phi,microsoft/Phi-3.5-mini-instruct,options_end,23,vanilla_same_item,0.8939552362460289,0.10604476383332202,1.0106107598196215
Phi,microsoft/Phi-3.5-mini-instruct,options_end,24,clean_correct_wrapped,0.12601076073734854,0.8739892398190284,1.0688523353676305
Phi,microsoft/Phi-3.5-mini-instruct,options_end,24,corrupt_wrong_wrapped,0.13778883035887274,0.8622111706785579,1.0697594123711027
Phi,microsoft/Phi-3.5-mini-instruct,options_end,24,vanilla_same_item,0.9121481553146789,0.08785184510836914,1.0234148514766386
Phi,microsoft/Phi-3.5-mini-instruct,options_end,25,clean_correct_wrapped,0.122911681429669,0.8770883185445311,1.1237816267155611
Phi,microsoft/Phi-3.5-mini-instruct,options_end,25,corrupt_wrong_wrapped,0.13593139080448216,0.864068608320119,1.1147633363436784
Phi,microsoft/Phi-3.5-mini-instruct,options_end,25,vanilla_same_item,0.9042454364245396,0.09575456304889338,0.9647049183011845
Phi,microsoft/Phi-3.5-mini-instruct,options_end,26,clean_correct_wrapped,0.14443858447290445,0.8555614155039598,1.180151600256839
Phi,microsoft/Phi-3.5-mini-instruct,options_end,26,corrupt_wrong_wrapped,0.15558967392338294,0.8444103257884101,1.1648052613033515
Phi,microsoft/Phi-3.5-mini-instruct,options_end,26,vanilla_same_item,0.8862101038294289,0.11378989516972016,1.1346243971507426
Phi,microsoft/Phi-3.5-mini-instruct,options_end,27,clean_correct_wrapped,0.1493194826395994,0.8506805182168219,1.3116910440519198
Phi,microsoft/Phi-3.5-mini-instruct,options_end,27,corrupt_wrong_wrapped,0.1605834411459776,0.8394165583661382,1.294725816655321
Phi,microsoft/Phi-3.5-mini-instruct,options_end,27,vanilla_same_item,0.8751066696370395,0.124893329668997,1.2383648603532824
Phi,microsoft/Phi-3.5-mini-instruct,options_end,28,clean_correct_wrapped,0.182060169720945,0.8179398308936331,1.4751835260277872
Phi,microsoft/Phi-3.5-mini-instruct,options_end,28,corrupt_wrong_wrapped,0.1979143032716202,0.8020856963581058,1.473448370574536
Phi,microsoft/Phi-3.5-mini-instruct,options_end,28,vanilla_same_item,0.8207012613139288,0.17929873806624794,1.3280173816478276
Phi,microsoft/Phi-3.5-mini-instruct,options_end,29,clean_correct_wrapped,0.24576562514652242,0.7542343751650454,1.7272070313682144
Phi,microsoft/Phi-3.5-mini-instruct,options_end,29,corrupt_wrong_wrapped,0.26036550284831694,0.7396344972862194,1.7358513940002234
Phi,microsoft/Phi-3.5-mini-instruct,options_end,29,vanilla_same_item,0.8298043670882679,0.17019563210542996,1.6205433203911965
Phi,microsoft/Phi-3.5-mini-instruct,options_end,30,clean_correct_wrapped,0.2502418064393838,0.7497581939939981,1.7861174461740479
Phi,microsoft/Phi-3.5-mini-instruct,options_end,30,corrupt_wrong_wrapped,0.26681366201368045,0.7331863386038728,1.7940713993584998
Phi,microsoft/Phi-3.5-mini-instruct,options_end,30,vanilla_same_item,0.8286229051053382,0.1713770944947027,1.545437062334465
Phi,microsoft/Phi-3.5-mini-instruct,options_end,31,clean_correct_wrapped,0.33010648937117093,0.6698935101635143,1.8266967753253553
Phi,microsoft/Phi-3.5-mini-instruct,options_end,31,corrupt_wrong_wrapped,0.34266956070650995,0.6573304388544322,1.8273745647509878
Phi,microsoft/Phi-3.5-mini-instruct,options_end,31,vanilla_same_item,0.8597851201215972,0.14021488045837271,1.723004345663922
